Tafuta jumla ya besi zote kamili $b>9$ ambazo $17_{b}$ ni kigawanyo cha $97_{b}$.	70
Kwenye $\triangle ABC$ kuna nukta $A,D,E$, na $B$ zilizopangwa katika mpangilio huo kwenye upande $\overline{AB}$ ambapo $AD=4, DE=16$, na $EB=8$. Nukta $A,F,G$, na $C$ zipo katika mpangilio huo kwenye upande $\overline{AC}$ ambapo $AF=13, FG=52$, na $GC=26$. Nukta $M$ ni taswira ya nukta $D$ kutokana na kuakisiwa kupitia $F$, na nukta $N$ ni taswira ya nukta $G$ kutokana na kuakisiwa kupitia $E$. Pembenne $DEGF$ ina eneo la 288. Tafuta eneo la pembesaba $AFNBCEM$.	588
Wachezaji 9 wa timu ya mpira wa besiboli walienda kwenye duka la aiskrimu baada ya mchezo wao. Kila mchezaji alinunua koni yenye mchirizi mmoja wa aiskrimu ya chokoleti, vanila au stroberi. Angalau mchezaji mmoja alichagua kila ladha, na idadi ya wachezaji waliochagua chokoleti ilikuwa kubwa kuliko idadi ya waliochagua vanila, ambayo nayo ilikuwa kubwa kuliko idadi ya waliochagua stroberi. Ikiwa $N$ ni idadi ya njia tofauti za kugawa ladha kwa wachezaji zinazotimiza masharti haya, tafuta baki inayopatikana pale ambapo $N$ inagawanywa kwa 1000.	16
Tafuta idadi ya jozi zenye mpangilio $(x,y)$, ambapo nambari zote za $x$ na $y$ ni nambari kamili kati ya $-100$ na $100$ zikijumuisha nambari za mipakani, zinazokidhi masharti yafuatayo:   \[12x^{2}-xy-6y^{2}=0\]	117
Trapeza yenye pande mbili zinazofanana ina duara lililoandikwa ndani yake ambalo linagusa kila moja ya pande zake nne. Nusu kipenyo cha duara hilo ni 3, na eneo la trapeza ni 72. Ikiwa pande mbili sambamba za trapeza hiyo zina urefu wa $r$ na $s$, ambapo $r \neq s$, tafuta thamani ya $r^{2}+s^{2}$.	504
Herufi kumi na mbili $A,B,C,D,E,F,G,H,I,J,K$ na $L$ zimepangwa kwa bahati nasibu katika jozi sita za herufi mbili mbili. Kwenye kila jozi, herufi mbili zimepangwa kwa mpangilio wa kialfabeti na kuunda maneno sita yenye herufi mbili kila moja, kisha maneno hayo sita yanapangwa tena kialfabeti. Kwa mfano, moja ya matokeo yanayowezekana ni $AB,CJ,DG,EK,FL,HI$. Uwezekano kwamba neno la mwisho kwenye orodha hiyo linajumuisha herufi $G$ ni $\frac{m}{n}$, ambapo $m$ na $n$ ni namba mbili chanya ambazo hazina kishirikishi cha pamoja isipokuwa 1. Tafuta thamani ya $m+n$.	821
Ikiwa $k$ ni namba halisi kiasi kwamba mfumo $|25+20i - z|=5$ na $|z - 4 - k| = |z - 3i - k|$ una suluhisho moja tu changamano $z$, basi jumla ya thamani zote zinazowezekana za $k$ inaweza kuandikwa katika umbo la $\frac{m}{n}$ ambapo $m$ na $n$ ni namba kamili chanya zinazokosa kigawe cha pamoja zaidi ya 1. Tafuta thamani ya $m+n$. Hapa $i=\sqrt{-1}$.	77
Parabola yenye mlinganyo $y=x^{2}-4$ inazungushwa pembe ya $60^{\circ}$ kinyume na saa kuzunguka asili. Nukta pekee katika roboduara ya nne ambapo parabola asilia na taswira yake iliyozungushwa zinapokutana ina kiratibu-$y$ sawa na $\frac{a-\sqrt{b}}{c}$, ambapo $a$, $b$, na $c$ ni namba kamili chanya, na $a$ na $c$ hazina kigawanyo cha pamoja isipokuwa $1$. Tafuta thamani ya $a+b+c$.	62
Seli 27 za jedwali lenye vipimo vya $3\times9$ zinajazwa kwa kutumia nambari 1 hadi 9 ili kila mstari uwe na nambari 9 tofauti, na kila moja kati ya yale maeneo matatu ya ukubwa wa $3\times3$ yaliyochorwa kwa mistari minene kwenye mfano hapo chini yawe na nambari 9 tofauti; kama ilivyo katika mistari mitatu ya kwanza ya fumbo la Sudoku. | 4 | 2 | 8 | 9 | 6 | 3 | 1 | 7 | 5 | | 3 | 7 | 9 | 5 | 2 | 1 | 6 | 8 | 4 | | 5 | 6 | 1 | 8 | 4 | 7 | 9 | 2 | 3 | Idadi ya njia tofauti za kujaza jedwali hilo inaweza kuandikwa kama $p^a\cdot q^b\cdot r^c\cdot s^d$, ambapo $p,q,r,$ na $s$ ni nambari tasa tofauti, na $a,b,c,$ na $d$ ni nambari kamili chanya. Tafuta thamani ya $p\cdot a+q\cdot b+r\cdot c+s\cdot d$.	81
Kazi ya kipindi yenye vipande na iliyo mstari inafafanuliwa na  \[f(x)=\begin{cases}x&\text{ikiwa }x\in[-1,1)\\2 - x&\text{ikiwa }x\in[1,3)\end{cases}\]  na \( f(x+4)=f(x) \) kwa kila nambari halisi \( x \). Grafu ya \( f(x) \) ina umbo la msumeno. Parabola \( x=34y^2 \) inakata grafu ya \( f(x) \) katika idadi yenye kikomo ya sehemu. Jumla ya viwianishi vya \( y \) vya sehemu hizi za makutano inaweza kuonyeshwa katika umbo  \[\frac{a+b\sqrt{c}}{d},\]  ambapo \( a,b,c, \) na \( d \) ni namba chanya, \( a,b, \) na \( d \) zina kiyambo mkuu cha pamoja sawa na 1, nayo \( c \) haigawanyiki na mraba wa namba yoyote tasa. Tafuta thamani ya \( a+b+c+d \).	259
Kundi la nukta katika nafasi ya viwianishi vitatu ambalo liko kwenye bapa \(x + y + z = 75\), na ambalo viwianishi vyake vinatimiza masharti ya ukosefu wa usawa \(x - yz < y - zx < z - xy\), linatengeneza kanda tatu zisizoungana zenye umbo la mbonyeo. Ni moja tu kati ya hizo kanda ambayo ina eneo lenye mwisho. Eneo la kanda hiyo linaweza kuandikwa katika mfumo wa \(a\sqrt{b}\), ambapo \(a\) na \(b\) ni namba halisi chanya na \(b\) haigawanyiki kwa mraba wa namba tasa yoyote. Tafuta thamani ya \(a + b\).	510
Alex anagawanya duara katika robo nne kwa kutumia kipenyo viwili vilivyo wima vinavyokutana katikati ya duara hilo. Kisha anachora vipande vingine 25 vya mistari vinavyopita kwenye duara hili, ambapo kila kipande huchorwa kwa kuchagua bila mpangilio pointi mbili tofauti kwenye mzingo wa duara, kila moja ikiwa katika robo tofauti, kisha kuunganisha hizo pointi mbili. Tafuta idadi tarajiwa ya maeneo ambayo mistari hii 27 italigawa duara hilo.	204
Ikiwa $ABCDE$ ni pembetano mbonyeo yenye $AB=14, BC=7, CD=24, DE=13, EA=26$, na pembe $\angle B=\angle E=60^\circ$. Kwa kila nukta $X$ kwenye bapa, fafanua $f(X)=AX+BX+CX+DX+EX$. Thamani ndogo zaidi inayowezekana kwa $f(X)$ inaweza kuonyeshwa kama $m+n\sqrt{p}$, ambapo $m$ na $n$ ni nambari nzima chanya na $p$ haikugawanyika na mraba wa namba yoyote tasa. Tafuta thamani ya $m+n+p$.	60
Acha $N$ iwakilishe idadi ya kundi za nambari tatu zilizopangwa za nambari nzima chanya $(a,b,c)$ kiasi kwamba $a,b,c\leq3^6$ na $a^3+b^3+c^3$ inagawanyika kwa $3^7$. Tafuta baki inayopatikana $N$ inapogawanywa kwa $1000$.	735
Fafanua \( f(x)=|| x|-\tfrac{1}{2}| \) na \( g(x)=|| x|-\tfrac{1}{4}| \). Tafuta idadi ya makutano ya grafu za \[y=4 g(f(\sin (2 \pi x))) \quad\text{ na }\quad x=4 g(f(\cos (3 \pi y))).\]	385
Iwe $p$ ndiyo nambari tasa ndogo zaidi ambayo ipo nambari nzima chanya $n$ kiasi kwamba $n^{4}+1$ inagawanyika kwa $p^{2}$. Tafuta nambari nzima chanya ndogo zaidi $m$ kiasi kwamba $m^{4}+1$ inagawanyika kwa $p^{2}$.	110
Tuseme $ABCD$ ni piramidi yenye nyuso nne (tetrahedra) ambapo $AB=CD=\sqrt{41}$, $AC=BD=\sqrt{80}$, na $BC=AD=\sqrt{89}$. Kuna nukta $I$ ndani ya piramidi hiyo ambayo ina umbali sawa kuelekea kila moja ya nyuso zake. Umbali huu unaweza kuandikwa katika umbo $\frac{m \sqrt n}{p}$ ambapo $m$, $n$, na $p$ ni namba nzima chanya, ambapo $m$ na $p$ hazina kishirikishi cha pamoja zaidi ya 1, na $n$ haigawanyiki na mraba wa namba tasa yoyote. Tafuta thamani ya $m+n+p$.	104
Iwe $\mathcal{B}$ ni seti ya visanduku vyenye umbo la mstatili vyenye eneo la uso $54$ na mjao (volumu) ya $23$. Iwe $r$ ni nusu kipenyo cha tufe dogo zaidi linaloweza kuzunguka kila kimoja kati ya visanduku vyenye umbo la mstatili ambavyo ni elementi za $\mathcal{B}$. Thamani ya $r^2$ inaweza kuandikwa kama $\frac{p}{q}$, ambapo $p$ na $q$ ni namba chanya zisizo na kishirikishi cha pamoja. Tafuta thamani ya $p+q$.	721
Kuna namba halisi $x$ na $y$, zote zikiwa kubwa kuliko 1, zinazokidhi $\log_x\left(y^x\right)=\log_y\left(x^{4y}\right)=10$. Tafuta thamani ya $xy$.	25
Alice na Bob wanacheza mchezo ufuatao. Mbele yao kuna rundo la tokeni $n$. Wachezaji wanacheza kwa zamu, Alice akianza mchezo. Katika kila zamu, mchezaji anaondoa tokeni $1$ au tokeni $4$ kutoka kwenye rundo hilo. Yule atakayeondoa tokeni ya mwisho ndiye anashinda. Tafuta idadi ya namba chanya $n$ ambazo hazizidi $2024$ ambazo zinamwezesha Bob kuwa na mkakati wa kuhakikisha ushindi wake bila kujali anavyocheza Alice.	809
Jen anaingia kwenye bahati nasibu kwa kuchagua namba $4$ tofauti kutoka kundi $S=\{1,2,3,\cdots,9,10\}.$ Namba $4$ huchaguliwa bila mpangilio kutoka kundi $S.$ Atashinda zawadi kama angalau mbili kati ya namba zake zitakuwemo katika hizo namba zilizochaguliwa bila mpangilio, na atashinda zawadi kuu ikiwa namba zake zote nne zitakuwa ndizo zilizochaguliwa. Uwezekano kwamba atashinda zawadi kuu ikiwa tayari ameshinda zawadi ni $\tfrac{m}{n}$ ambapo $m$ na $n$ ni namba kamili chanya zisizo na kishirikishi chochote isipokuwa $1$. Tafuta thamani ya $m+n$.	116
Mstatili $ABCD$ na $EFGH$ zimechorwa kiasi kwamba nukta $D, E, C, F$ zimepangwa kwenye mstari mmoja. Pia, nukta $A, D, H, G$ zote zipo kwenye mduara mmoja. Ikiwa $BC=16$, $AB=107$, $FG=17$, na $EF=184$, je, urefu wa $CE$ ni kiasi gani?	104
Tafuta njia zenye urefu wa $16$ zinazofuata mistari kutoka kona ya chini kushoto hadi kona ya juu kulia kwenye gridi ya ukubwa wa $8\times 8$. Pata idadi ya njia zote za aina hiyo ambazo hubadilisha uelekeo mara nne kamili.	294
Tafuta sehemu halisi kubwa zaidi ya \[(75+117i)z+\frac{96+144i}{z}\] ambapo $z$ ni namba changamano yenye $|z|=4$.	540
Miduara minane yenye nusu kipenyo cha $34$ inaweza kupangwa ikigusa upande $\overline{BC}$ wa pembetatu $\triangle ABC$ kiasi kwamba duara la kwanza linagusa $\overline{AB}$, miduara inayofuata ikigusana nje kwa nje, na duara la mwisho likigusa $\overline{AC}$. Vivyo hivyo, miduara $2024$ yenye nusu kipenyo cha $1$ inaweza pia kupangwa katika njia hiyo kwenye upande $\overline{BC}$. Nusu kipenyo cha duara lililoandikwa ndani ya pembetatu $\triangle ABC$ ni $\tfrac{m}{n}$, ambapo $m$ na $n$ ni nambari chanya kamili zisizo na kigawo sawa isipokuwa $1$. Tafuta thamani ya $m+n$.	197
Ikiwa $A$, $B$, $C$ na $D$ ni nukta juu ya haipabola $\frac{x^2}{20}- \frac{y^2}{24} = 1$ kiasi kwamba $ABCD$ ni almasi yenye dayagonal zake kukutana kwenye asili $(0,0)$. Tafuta namba halisi kubwa zaidi ambayo ni ndogo kuliko $BD^2$ kwa almasi zote za aina hiyo.	480
Kila asubuhi Aya hutembea umbali wa kilomita $9$ kisha husimama katika mgahawa wa kahawa baada ya matembezi hayo. Anapotembea kwa kasi ya kilomita $s$ kwa saa, matembezi humchukua masaa 4, yakijumuisha dakika $t$ anazotumia kwenye mgahawa wa kahawa. Anapotembea kwa kasi ya kilomita $s + 2$ kwa saa, matembezi humchukua masaa 2 na dakika 24, yakijumuisha dakika $t$ anazotumia kwenye mgahawa wa kahawa. Ikiwa Aya atatembea kwa kasi ya kilomita $s + \frac{1}{2}$ kwa saa, tafuta idadi ya dakika atakazotumia kwenye matembezi hayo, ikijumuisha dakika $t$ anazotumia kwenye mgahawa wa kahawa.	204
Katika pembetatu $\triangle ABC$ yenye urefu wa pande $AB = 5, BC = 9,$ na $CA = 10.$ Mistari tanjiti katika duara lililochorwa nje ya pembetatu $\triangle ABC$ katika nukta $B$ na $C$ hukutana katika nukta $D,$ na mstari $\overline{AD}$ unakutana na duara hili tena katika nukta $P \ne A.$ Urefu wa $\overline{AP}$ ni sawa na $\frac{m}{n},$ ambapo $m$ na $n$ ni nambari chanya kamili zisizo na kishirikishi. Tafuta thamani ya $m + n.$	113
Kila pembe ya oktagoni ya kawaida hupakwa rangi kivyake kuwa nyekundu au bluu kwa uwezekano sawa. Uwezekano kwamba oktagoni hiyo inaweza kuzungushwa ili ncha zote za bluu zijikute katika nafasi ambazo awali zilikuwa na ncha nyekundu ni $\tfrac{m}{n}$, ambapo $m$ na $n$ ni namba nzima chanya zisizo na kishirikishi cha pamoja. Je, thamani ya $m+n$ ni ngapi?	371
Kwa kila nambari halisi chanya $n$, iwe $a_n$ ndiyo nambari halisi chanya ndogo zaidi inayogawanyika kwa $23$ ambayo inakidhi $a_n \equiv 1 \pmod{2^n}.$ Tafuta idadi ya nambari halisi chanya $n$ zisizozidi $1000$ zinazokidhi $a_n = a_{n+1}.$	363
Chombo chenye umbo la mchemraba kina vipeo (kona) $A,$ $B,$ $C,$ na $D,$ ambapo kingo $\overline{AB}$ na $\overline{CD}$ ni sambamba, na mistari $\overline{AC}$ na $\overline{BD}$ ni miambazo ya nyuso za mchemraba, kama ilivyoonyeshwa. Kipeo $A$ cha mchemraba kimewekwa kwenye bapa mlalo $\mathcal{P}$ ili bapa la mstatili $ABDC$ liwe wima juu ya $\mathcal{P}$, kipeo $B$ kipo mita $2$ juu ya $\mathcal{P}$, kipeo $C$ kipo mita $8$ juu ya $\mathcal{P},$ na kipeo $D$ kipo mita $10$ juu ya $\mathcal{P}.$ Mchemraba una maji ambayo uso wake uko sambamba na $\mathcal{P}$ kwenye urefu wa mita $7$ juu ya $\mathcal{P}.$ Kiasi cha maji ni $\frac{m}{n}$ mita za ujazo, ambapo $m$ na $n$ ni namba chanya kamili ambazo hazina kigawo cha pamoja tofauti na $1$. Tafuta thamani ya $m+n.$ [asy] //Made by Djmathman (orz) size(250); defaultpen(linewidth(0.6)); pair A = origin, B = (6,3), X = rotate(40)*B, Y = rotate(70)*X, C = X+Y, Z = X+B, D = B+C, W = B+Y; pair P1 = 0.8*C+0.2*Y, P2 = 2/3*C+1/3*X, P3 = 0.2*D+0.8*Z, P4 = 0.63*D+0.37*W; pair E = (-20,6), F = (-6,-5), G = (18,-2), H = (9,8); filldraw(E--F--G--H--cycle,rgb(0.98,0.98,0.2)); fill(A--Y--P1--P4--P3--Z--B--cycle,rgb(0.35,0.7,0.9)); draw(A--B--Z--X--A--Y--C--X^^C--D--Z); draw(P1--P2--P3--P4--cycle^^D--P4); dot("$A$",A,S); dot("$B$",B,S); dot("$C$",C,N); dot("$D$",D,N); label("$\mathcal P$",(-13,4.5)); [/asy]	751
Ikiwa $A$ ni pembe kali kiasi kwamba $\tan A = 2 \cos A.$ Tafuta idadi ya nambari kamili chanya $n$ ambazo hazizidi $1000$ zinazofanya $\sec^n A + \tan^n A$ kuwa nambari kamili chanya yenye tarakimu ya mwisho $9.$	167
Kwa nambari chanya kamili \( a \), \( b \), na \( c \) ambapo \( a < b < c \), fikiria mikusanyiko ya stempu za posta zenye thamani ya senti \( a \), \( b \), na \( c \), ambazo zina angalau stempu moja ya kila aina kati ya hizo tatu. Ikiwa ipo mikusanyiko ya namna hiyo ambayo ina mikusanyiko midogo yenye thamani ya kila idadi kamili ya senti kuanzia senti \( 1 \) hadi senti \( 1000 \), basi \( f(a, b, c) \) iwe ndiyo idadi ndogo kabisa ya stempu katika mkusanyiko huo. Tafuta jumla ya thamani tatu ndogo zaidi zinazowezekana za \( c \), ikiwa \( f(a, b, c) = 97 \) kwa uchaguzi fulani wa \( a \) na \( b \).	188
Ziwepo $\ell_A$ na $\ell_B$ ambazo ni mistari miwili tofauti inayolingana (sambamba). Kwa namba nzima chanya $m$ na $n$, nukta tofauti $A_1, A_2, A_3, \ldots, A_m$ ziko kwenye mstari $\ell_A$, na nukta tofauti $B_1, B_2, B_3, \ldots, B_n$ ziko kwenye mstari $\ell_B$. Zaidi ya hayo, unapoichora michoro ya mistari $\overline{A_iB_j}$ kwa kila $i=1,2,3,\ldots, m$ na $j=1,2,3,\ldots,n$, hakuna nukta yoyote iliyo katikati kabisa ya mistari $\ell_A$ na $\ell_B$ inayokaliwa na zaidi ya mistari miwili kati ya michoro hiyo. Tafuta idadi ya maeneo yaliyofungwa (yenye mipaka) ambayo umbo hili linagawanya bapa (plane), ikiwa $m=7$ na $n=5$. Mchoro unaonesha kwamba kuna maeneo 8 ikiwa $m=3$ na $n=2$. [asy] import geometry; size(10cm); draw((-2,0)--(13,0)); draw((0,4)--(10,4)); label("$\ell_A$",(-2,0),W); label("$\ell_B$",(0,4),W); point A1=(0,0),A2=(5,0),A3=(11,0),B1=(2,4),B2=(8,4),I1=extension(B1,A2,A1,B2),I2=extension(B1,A3,A1,B2),I3=extension(B1,A3,A2,B2); draw(B1--A1--B2); draw(B1--A2--B2); draw(B1--A3--B2); label("$A_1$",A1,S); label("$A_2$",A2,S); label("$A_3$",A3,S); label("$B_1$",B1,N); label("$B_2$",B2,N); label("1",centroid(A1,B1,I1)); label("2",centroid(B1,I1,I3)); label("3",centroid(B1,B2,I3)); label("4",centroid(A1,A2,I1)); label("5",(A2+I1+I2+I3)/4); label("6",centroid(B2,I2,I3)); label("7",centroid(A2,A3,I2)); label("8",centroid(A3,B2,I2)); dot(A1); dot(A2); dot(A3); dot(B1); dot(B2); [/asy]	244
Hebu $x_1\leq x_2\leq \cdots\leq x_{100}$ ziwe namba halisi kiasi kwamba $|x_1| + |x_2| + \cdots + |x_{100}| = 1$ na $x_1 + x_2 + \cdots + x_{100} = 0$. Kati ya makundi yote yanayokidhi masharti haya ya namba $100$, thamani kubwa kabisa inayoweza kupatikana kwa $x_{76} - x_{16}$ ni $\tfrac{m}{n}$, ambapo $m$ na $n$ ni namba nzima chanya zisizo na kizigeu cha pamoja isipokuwa $1$. Tafuta thamani ya $m+n$.	841
Iwe $S$ ni seti ya nambari chanya kamili $k$ kiasi kwamba parabola mbili \[y=x^2 - k~~\text{na}~~ x=2(y - 20)^2 - k\] zinakatana katika nukta nne tofauti, na nukta hizi nne zipo kwenye duara lenye nusu kipenyo kisichozidi $21$. Tafuta jumla ya thamani ndogo zaidi ya $S$ na thamani kubwa zaidi ya $S$.	285
Fikiria mfuatano $(a_k)_{k\ge 1}$ wa namba chanya za kiratiba unaofafanuliwa na $a_1 = \frac{2020}{2021}$ na kwa $k\ge 1$, ikiwa $a_k = \frac{m}{n}$ ambapo $m$ na $n$ ni namba chanya kamili ambazo hazina kizigeu kikubwa kuliko 1, basi \[ a_{k+1} = \frac{m + 18}{n + 19}. \]  Tafuta jumla ya namba chanya kamili zote $j$ ambazo kwao namba za kiratiba $a_j$ zinaweza kuandikwa katika umbo la $\frac{t}{t+1}$ kwa namba kamili chanya fulani $t$ 	59
Hebu $m$ na $n$ ziwe nambari nzima witiri kubwa kuliko $1.$ Mstatili wenye vipimo vya $m\times n$ umeundwa na miraba midogo yenye urefu wa kipimo kimoja kila upande ambapo miraba iliyo katika mstari wa juu imehesabiwa kutoka kushoto kwenda kulia kwa nambari $1$ hadi $n$, miraba katika mstari wa pili imehesabiwa kutoka kushoto kwenda kulia kwa nambari $n + 1$ hadi $2n$, na kuendelea hivyo. Mraba wenye nambari $200$ uko kwenye mstari wa juu, na mraba wenye nambari $2000$ uko kwenye mstari wa chini. Tafuta idadi ya jozi zilizopangwa $(m,n)$ za nambari nzima witiri kubwa kuliko $1$ zenye sifa kwamba katika mstatili wenye vipimo vya $m\times n$, mstari unaopitia katikati ya miraba yenye nambari $200$ na $2000$ unakata ndani ya mraba wenye nambari $1099$.	248
Kwa nambari changamano tofauti \( z_1, z_2, \dots, z_{673} \), polinomia \[ (x - z_1)^3 (x - z_2)^3 \dots (x - z_{673})^3 \] inaweza kuandikwa kama \( x^{2019} + 20x^{2018} + 19x^{2017} + g(x) \), ambapo \( g(x) \) ni polinomia yenye viambajengo changamano na daraja lisilozidi \(2016\). Thamani ya \[ \left| \sum_{1 \le j < k \le 673} z_j z_k \right| \] inaweza kuandikwa katika umbo la \(\tfrac{m}{n}\), ambapo \(m\) na \(n\) ni nambari kamili chanya ambazo hazina kigawanyo cha pamoja isipokuwa 1. Tafuta thamani ya \(m + n\).	352
Tafuta idadi ya kazi $f(x)$ kutoka $\{1, 2, 3, 4, 5\}$ hadi $\{1, 2, 3, 4, 5\}$ zinazokidhi sharti $f(f(x)) = f(f(f(x)))$ kwa kila $x$ katika $\{1, 2, 3, 4, 5\}$.	756
Pembetatu $ABC$ ina urefu wa pande $AB = 9$, $BC = 5\sqrt{3}$, na $AC = 12$. Pointi $A = P_{0}, P_{1}, P_{2}, ... , P_{2450} = B$ zipo katika kipande $\overline{AB}$ ambapo kila pointi $P_{k}$ ipo kati ya pointi $P_{k-1}$ na $P_{k+1}$ kwa $k = 1, 2, ..., 2449$, na pointi $A = Q_{0}, Q_{1}, Q_{2}, ... , Q_{2450} = C$ zipo katika kipande $\overline{AC}$ ambapo kila pointi $Q_{k}$ ipo kati ya pointi $Q_{k-1}$ na $Q_{k+1}$ kwa $k = 1, 2, ..., 2449$. Zaidi ya hayo, kila kipande $\overline{P_{k}Q_{k}}$, kwa $k = 1, 2, ..., 2449$, kiko sambamba na kipande $\overline{BC}$. Vipande hivi vinaigawa pembetatu katika maeneo $2450$, yakijumuisha trapezia $2449$ na pembetatu moja. Kila moja ya maeneo $2450$ lina eneo sawa. Tafuta idadi ya vipande $\overline{P_{k}Q_{k}}$, kwa $k = 1, 2, ..., 2450$, vyenye urefu wenye thamani kamili (rational).	20
Katika pembenane yenye pembe sawa \( CAROLINE \), \( CA = RO = LI = NE = \sqrt{2} \) na \( AR = OL = IN = EC = 1 \). Pembenane inayoingiliana yenyewe \( CORNELIA \) inafungia maeneo sita ya pembetatu yasiyopishana. Iwe \( K \) ni eneo linalofungiwa na \( CORNELIA \), yaani jumla ya maeneo hayo sita ya pembetatu. Basi \( K = \frac{a}{b} \), ambapo \( a \) na \( b \) ni nambari nzima chanya zisizo na kishirikishi cha kawaida. Tafuta thamani ya \( a + b \).	23
Ikiwa $x,y,$ na $z$ ni nambari halisi zinazotimiza mfumo ufuatao: \begin{align*}  \log_2(xyz-3+\log_5 x)&=5,\\  \log_3(xyz-3+\log_5 y)&=4,\\  \log_4(xyz-3+\log_5 z)&=4.  \end{align*}  Tafuta thamani ya $|\log_5 x|+|\log_5 y|+|\log_5 z|$.	265
Chura aitwaye Freddy anaruka-ruka kwenye ndege ya kuratibu akitafuta mto, ambao uko kwenye mstari mlalo wenye mlinganyo \( y = 24 \). Kuna uzio kwenye mstari mlalo wenye mlinganyo \( y = 0 \). Katika kila mruko, Freddy huchagua bila mpangilio mwelekeo ulio sambamba na mojawapo ya shoka za kuratibu na kuruka hatua moja kwenda upande huo. Akiwa kwenye mstari ambapo \( y = 0 \), kwa uwezekano sawa huchagua mojawapo ya mielekeo mitatu — ama anaruka sambamba na uzio huo, au anaruka kuuelekea mbali na uzio — lakini kamwe hachagui mwelekeo ambao ungemfanya avuke uzio na kwenda upande ambapo \( y < 0 \). Freddy anaanzia utafutaji wake katika nukta \( (0, 21) \) na atasimama mara tu atakapofika mahali palipo kwenye mto. Tafuta idadi tarajiwa ya miruko ambayo Freddy atahitaji ili kufika kwenye mto.	273
Permutesheni $a_1, a_2, \ldots, a_n$ ya namba kamili $1, 2, \ldots, n$ huitwa "inayokaribia-kupanda" ikiwa $a_k \leq a_{k+1} + 2$ kwa kila $1 \leq k \leq n-1$. Kwa mfano, $53421$ na $14253$ ni permutesheni zinazokaribia kupanda za namba kamili $1, 2, 3, 4, 5$, lakini $45123$ sio. Tafuta idadi ya permutesheni zote zinazokaribia-kupanda za namba kamili $1, 2, \ldots, 7$.	486
Kwa kila nambari kamili \( n \ge 2 \), iwe \( A(n) \) ni eneo la sehemu katika mfumo wa koordineti inayofafanuliwa na mikoseo \( 1\le x \le n \) na \( 0\le y \le x\left\lfloor \sqrt{x} \right\rfloor \), ambapo \( \left\lfloor \sqrt{x} \right\rfloor \) ni nambari kubwa zaidi ya nambari kamili ambayo haizidi \( \sqrt{x} \). Tafuta idadi ya thamani za \( n \) zenye \( 2\le n \le 1000 \) ambazo \( A(n) \) ni nambari kamili.	483
Ikiwa $f(x)$ ni polinomia ya daraja la tatu yenye viambajengo halisi inayotimiza \[|f(1)|=|f(2)|=|f(3)|=|f(5)|=|f(6)|=|f(7)|=12,\] tafuta thamani ya $|f(0)|$.	72
Kwenye mfumo wa viwianishi vya Cartesi, haipabola $\Gamma: x^{2}-y^{2}=1$ ina kilele chake cha kulia katika nukta $A$. Mduara wenye kitovu chake kwenye mhimili wa $y$ na unaogusana na kila tawi la $\Gamma$ katika nukta moja tu huitwa "mduara mzuri". Kama miduara miwili mizuri inagusana nje katika nukta $P$, na umbali kati ya vitovu vyake ni $d$, tafuta thamani zote zinazowezekana za $\frac{d}{|P A|}$.	$2 \sqrt{2}$
Tukiwa na namba changamano \( z \) na \( w \) zinazokidhi \( z + w = 2 \), tafuta thamani ndogo kabisa iwezekanayo ya \( S = \left| z^2 - 2w \right| + \left| w^2 - 2z \right| \).	$8\sqrt{5} - 16$
Iwe $F_{1}$ na $F_{2}$ ni vitovu vya duaradufu $\Omega$. Chagua nukta $P$ kwenye $\Omega$ (tofauti na miisho ya mhimili mkuu), na iwe $O$ ni kitovu cha duara linalopita katika pembe za pembetatu $\triangle P F_{1} F_{2}$. Ikiwa $\overrightarrow{P O} \cdot \overrightarrow{F_{1} F_{2}} = 2 \overrightarrow{P F}_{1} \cdot \overrightarrow{P F_{2}}$, basi thamani ndogo zaidi ya upeo (eccentricity) wa $\Omega$ ni $\qquad$.	$\frac{\sqrt{6}}{4}$
Ikiwa jumla ya idadi ya tarakimu za namba tatu chanya \(a, b, c\) ni 8, na tarakimu 8 zinazounda \(a, b, c\) zinaweza kupangwa kama \(2,0,2,4,0,9,0,8\), basi \((a, b, c)\) huitwa "mpangilio wenye bahati". Kwa mfano, \((9,8,202400)\) ni mpangilio wenye bahati. Idadi ya mipangilio yenye bahati \((a, b, c)\) inayokidhi \(10<a<b<c\) ni \(\qquad\).	591
Katika pembetatu \( \triangle ABC \), inajulikana kwamba \( \cos C = \frac{\sin A + \cos A}{2} = \frac{\sin B + \cos B}{2} \). Tafuta thamani ya \( \sin C \).	$\frac{3}{4}$
Katika mfumo wa viwianishi vya Cartesia, mduara ambao kitovu chake kiko kwenye mhimili wa y na unaokata kila tawi la haipabola $\Gamma: x^{2}-y^{2}=1$ katika nukta moja tu huitwa "mduara mzuri". Je, ipo namba isiyobadilika $\lambda$ na nukta maalum $A$ iliyo katika mhimili wa x, kiasi kwamba ikiwa miduara miwili mizuri inagusanisha nje katika nukta $P$, basi umbali baina ya vitovu vyake $d=\lambda|PA|$? Ikiwa zipo, tafuta jumla ya $\lambda$ na thamani halisi ya viwianishi vya x vya nukta $A$; ikiwa hazipo, elezea sababu.	$2 \sqrt{2} + 1$
Katika tetrahedrali \(ABCD\), \(AB \perp BC\), \(BC \perp CD\), na urefu wa \(AB\), \(BC\), \(CD\), na \(DA\) ni \(1\), \(2\), \(3\), na \(4\) mtawalia. Tafuta ujazo wa tetrahedrali \(ABCD\).	$\frac{2 \sqrt{2}}{3}$
Ikiwa jumla ya idadi ya tarakimu za nambari tatu chanya \(a, b, c\) ni 8, na tarakimu 8 zinazounda nambari hizo \(a, b, c\) zinaweza kupangwa kama \(2, 0, 2, 4, 0, 9, 0, 8\), basi \((a, b, c)\) huitwa "mpangilio wenye bahati". Kwa mfano, \((9, 8, 202400)\) ni mpangilio wenye bahati. Tafuta idadi ya mipangilio yenye bahati \((a, b, c)\) ambayo inatimiza sharti \(10 < a < b < 100\).	291
Kutokana na nambari nzima chanya $r$, tafuta nambari kubwa kabisa halisi $C$ kiasi kwamba ipo mfuatano wa kijiometri $\{a_n\}_{n \geq 1}$ wenye uwiano wa pamoja $r$, unaotimiza $\|a_n\| \geq C$ kwa kila nambari nzima chanya $n$. (Hapa, $\|x\|$ inaashiria umbali kutoka nambari halisi $x$ hadi kwenye nambari nzima iliyo karibu zaidi.)	$\frac{r}{2(r+1)}$
Ikiwa nambari nzima chanya \( n \) imetolewa. Katika gridi yenye vipande \( 3 \times n \), seti ya miraba \( S \) huitwa "iliyounganishwa" ikiwa kwa miraba yoyote miwili tofauti \( A, B \) ndani ya \( S \), kuna nambari nzima \( l \geq 2 \) na miraba \( l \) ambayo ni \( A = C_{1}, C_{2}, \cdots, C_{l} = B \) katika \( S \), kiasi kwamba kila jozi ya miraba \( C_{i} \) na \( C_{i+1} \) inashiriki ukingo mmoja wa pamoja \( (i = 1, 2, \cdots, l-1) \).  Tafuta nambari nzima kubwa zaidi \( K \) yenye sifa ifuatayo: Ikiwa kila mraba katika gridi utapakwa rangi nyeusi au nyeupe kiholela, daima kuna seti iliyounganishwa \( S \) ambayo tofauti ya thamani kamili kati ya idadi ya miraba myeusi na idadi ya miraba myeupe ndani ya \( S \) ni angalau \( K \).	$n$
Tafuta nambari zote halisi \( t \) ambazo si chini ya \(1\) zinazokidhi sharti lifuatalo: kwa nambari zozote \(a,b\in [-1,t]\), daima kuna nambari \(c,d\in [-1,t]\) zinazotimiza \((a+c)(b+d)=1.\)	$t \in [\frac{3}{2}, 2]$
$a,b,c,d$ ni namba halisi ambapo $a\geq b,c\geq d$, na zinatimiza \[|a|+2|b|+3|c|+4|d|=1.\]  Ikiwa $P=(a-b)(b-c)(c-d)$, tafuta thamani kubwa zaidi ya $P$.	$\frac{1}{324}$
Tafuta nambari ndogo zaidi nzima chanya $k$ yenye sifa ifuatayo: ikiwa kila kisanduku katika gridi yenye ukubwa wa $100\times 100$ kimepakwa kwa rangi moja na idadi ya visanduku vya kila rangi haizidi $104$, basi ipo mistatili ya vipimo $k\times 1$ au $1\times k$ ambayo ina visanduku vya angalau rangi tatu tofauti.	12
Tafuta thamani ndogo kabisa ya $c$ ambapo kwa kila namba nzima chanya $n\ge 4$ na seti yoyote $A\subseteq \{1,2,\cdots,n\}$, ikiwa $|A| > cn$, basi ipo kazi $f:A\to\{1,-1\}$ inayotimiza $$\left| \sum_{a\in A}a\cdot f(a)\right| \le 1.$$	$\frac{2}{3}$
Ikiwa nambari kamili \( n\geq4 \) imetolewa, na \( a_1,a_2,\cdots,a_{2n},b_1,b_2,\cdots,b_{2n} \) ni nambari \(4n\) halisi zisizohasi zinazotimiza: $$ a_1+a_2+\cdots+a_{2n}=b_1+b_2+\cdots+b_{2n}>0, $$ na kwa kila \( i=1,2,\cdots,2n, \) sharti lifuatalo linatimizwa: $$ a_ia_{i+2}\geq b_i+b_{i+1}, $$ ambapo \( a_{2n+1}=a_1,\; a_{2n+2}=a_2,\; b_{2n+1}=b_1. \) Bainisha thamani ndogo kabisa ya \( a_1+a_2+\cdots+a_{2n}. \)	16
Ikiwa poligoni mbonyeo ina vipeo 20, kuna njia nyingi za kuigawanya kwenye pembetatu (ikiwa na pembetatu 18). Mchoro wa mgawanyo huu wenye vipeo 20 na kingo 37 (kingo 17 za mgawanyo pamoja na kingo asilia 20) huitwa mchoro-T. Aidha, kikundi kidogo cha mchoro huu chenye kingo 10 zinazofunika vipeo vyote 20 (ikimaanisha hakuna kingo mbili zozote zinazofunika kipeo kimoja) huitwa "uoanishaji kamili" wa mchoro huu wa T. Kati ya michoro yote ya aina hii (michoro-T), tafuta idadi kubwa zaidi ya "uoanishaji kamili" ambao mchoro mmoja wa T unaweza kuwa nao.	89
Ikiwa $a_1,a_2,\cdots,a_n$ ni nambari kamili ambapo $1=a_1\le a_2\le \cdots\le a_{2019}=99$. Tafuta thamani ndogo kabisa $f_0$ ya usemi ufuatao: $$f=(a_1^2+a_2^2+\cdots+a_{2019}^2)-(a_1a_3+a_2a_4+\cdots+a_{2017}a_{2019}).$$	7400
Iwe $V$ ni seti ya pointi $2019$ katika nafasi ambapo pointi zozote nne hazipo kwenye bapa moja, na $E$ iwe seti ya kingo zinazounganisha pointi hizo. Tafuta namba ndogo zaidi chanya $n$ inayokidhi sharti lifuatalo: ikiwa $E$ ina angalau vipengele $n$, basi kuna uwepo wa seti ndogo $908$ zenye vipengele viwili vya $E$ zinazokidhi masharti yafuatayo:   (1) Kingo mbili katika kila seti ndogo zinashiriki kilele kimoja sawa.   (2) Seti ndogo zozote mbili hazina muingiliano wowote.	2795
Ikiwa seti $A=\{1,2,\ldots,n\}$, na $X, Y$ ni seti ndogo (si lazima tofauti) za seti $A$. Tunafafanua kwamba $\textup{max} X$ na $\textup{min} Y$ zinawakilisha kipengele kikubwa zaidi cha $X$ na kidogo zaidi cha $Y$, mtawalia. Bainisha idadi ya jozi $(X,Y)$ zinazokidhi sharti $\textup{max} X>\textup{min} Y$.	$2^{2n} - 2^{n}(n+1)$
Ikiwa $x_1,x_2,x_3\geq 0$ na $x_1+x_2+x_3=1$, tafuta thamani kubwa zaidi ya usemi   \[ (x_1+3x_2+5x_3)\left(x_1+\frac{x_2}{3}+\frac{x_3}{5}\right). \]	$\frac{9}{5}$
Ikizingatiwa mfuatano $\{a_n\}$: $a_1=1, a_{n+1}=\left\{\begin{array}{lcr}a_n+n,\quad a_n\le n, \\a_n-n,\quad a_n>n,\end{array}\right.\quad n=1,2,\cdots.$ Tafuta idadi ya nambari chanya $r$ zinazotimiza sharti $a_r<r\le 3^{2017}$.	$\frac{3^{2017}-2019}{2}$
Kila mraba katika gridi yenye mraba $33\times 33$ umepakwa moja kati ya rangi tatu zifuatazo: nyekundu, manjano au bluu, na idadi ya miraba ya kila rangi ni sawa. Ikiwa miraba miwili yenye ukuta mmoja unaounganisha iko katika rangi tofauti, ukingo huo uitwe ukingo unaotenganisha. Tafuta idadi ndogo kabisa ya kingo zinazotenganisha katika gridi hiyo.	56
Ikiwa $f(x)$ ni fonksheni witiri katika $R$, $f(1)=1$ na $f(\frac{x}{x-1})=xf(x)$ $(\forall x<0)$. Tafuta thamani ya  \[ f(1)f\left(\frac{1}{100}\right)+f\left(\frac{1}{2}\right)f\left(\frac{1}{99}\right)+f\left(\frac{1}{3}\right)f\left(\frac{1}{98}\right)+\cdots +f\left(\frac{1}{50}\right)f\left(\frac{1}{51}\right). \]	$\frac{2^{98}}{99!}$
Iwe $a_1, a_2, \ldots, a_{2016}$ ni namba halisi zinazotimiza sharti $9a_i \ge 11a^2_{i+1}$ $(i=1,2,\cdots,2015)$. Tafuta thamani kubwa zaidi ya usemi ufuatao: \[ (a_1 - a^2_2)(a_2 - a^2_3)\cdots (a_{2015} - a^2_{2016})(a_{2016} - a^2_1). \]	$\frac{1}{4^{2016}}$
Tukiwa na nukta $10$ katika anga ambapo kila nukta $4$ hazilali kwenye bapa moja. Unganisha baadhi ya nukta hizi kwa kutumia vipande vya mistari ili pasiwepo pembe tatu wala pembe nne. Tafuta idadi kubwa zaidi ya vipande vya mistari vinavyowezekana.	15
Tuseme $S=\{1,2,3,\cdots,100\}$. Tafuta thamani kubwa zaidi ya nambari kamili $k$, ili kuwepo na idadi ya $k$ ya vikundi tofauti visivyo vitupu vya seti $S$ vinavyokidhi sharti lifuatalo: Kwa kila makundi mawili kati ya hayo $k$, kama muingiliano wao si tupu, basi kipengele kidogo zaidi katika muingiliano huo kisiwe sawa na kipengele kikubwa zaidi katika mojawapo ya hayo makundi mawili.	$2^{99} - 1$
Wanafunzi \( n \) wanafanya mtihani wenye maswali \( m \), ambapo \( m,n\ge 2 \) ni namba kamili. Alama za kila swali zinatolewa kama ifuatavyo: kwa swali fulani, ikiwa wanafunzi \( x \) watashindwa kulijibu kwa usahihi, basi wale wanaolijibu kwa usahihi watapata alama \( x \), huku wale waliojibu vibaya wakipata alama \( 0 \). Jumla ya alama za mwanafunzi ni jumla ya alama zake katika maswali yote \( m \). Panga alama hizo katika mpangilio wa kushuka: \( p_1\ge p_2\ge \ldots \ge p_n \). Tafuta thamani kubwa kabisa ya \( p_1+p_n \).	$m(n-1)$
Tafuta jumla ya nambari zote kamili \( n \) zinazokidhi ukosefu wa usawa ufuatao:\[\frac{1}{4}<\sin\frac{\pi}{n}<\frac{1}{3}.\]	33
Iwe $A$ ni matriksi yenye vipimo vya $3 \times 9$. Vipengele vyote vya $A$ ni namba chanya kamili. Tunaita matriksi ndogo ya ukubwa $m \times n$ ya matriksi $A$ kuwa "ox" ikiwa jumla ya vipengele vyake inagawanyika kwa $10$, na tunakiita kipengele cha $A$ kuwa "carboxylic" ikiwa hakiwezi kuwa sehemu ya matriksi yoyote ndogo ya aina ya "ox". Tafuta idadi kubwa zaidi iwezekanavyo ya vipengele "carboxylic" ndani ya $A$.	25
Ikizingatiwa kuwa $a_{n}= \binom{200}{n} \cdot 6^{\frac{200-n}{3}} \cdot (\dfrac{1}{\sqrt{2}})^n$ (ambapo $1 \leq n \leq 95$). Kuna idadi ngapi ya namba kamili katika mfuatano $\{a_n\}$?	15
Mstari $\ell$ wenye mteremko $\frac{1}{3}$ unakata duara hili bapa (elipsi) $C:\frac{x^2}{36}+\frac{y^2}{4}=1$ katika nukta $A,B$ na nukta $P\left( 3\sqrt{2}, \sqrt{2}\right)$ iko juu ya mstari $\ell$. Ikiwa $\angle APB=\frac{\pi}{3}$, basi tafuta eneo la pembetatu $PAB$.	$\frac{117\sqrt{3}}{49}$
Iwe $T$ ni mti wenye ncha $n$; yaani, grafu rahisi iliyounganika yenye ncha $n$ ambayo haina mzunguko wowote. Kwa kila jozi ya ncha $u$, $v$, iwe $d(u,v)$ inaashiria umbali kati ya $u$ na $v$, yaani idadi ya matawi katika njia fupi zaidi katika $T$ inayounganisha $u$ na $v$. Fikiria jumla zifuatazo \[W(T)=\sum_{\substack{\{u,v\}\subseteq V(T)\\ u\neq v}}d(u,v) \quad \text{na} \quad H(T)=\sum_{\substack{\{u,v\}\subseteq V(T)\\ u\neq v}}\frac{1}{d(u,v)}\] Tafuta thamani ndogo zaidi ya \[W(T)\cdot H(T).\]	$\frac{(n-1)^3(n+2)}{4}$
Tunasema namba halisi $V$ ni nzuri ikiwa yapo makundi mawili funge yenye umbo mbonyeo, $X$ na $Y$, yaliyo ndani ya mchemraba wenye urefu wa kitengo kimoja katika $\mathbb{R}^3$, kila moja lenye mjao $V$, kiasi kwamba kwa kila moja ya bapa tatu za kuratibu (yaani, bapa zinazoamuliwa na jozi yoyote ya shoka tatu za kuratibu), vivuli vya $X$ na $Y$ kwenye bapa hilo havikatani. Tafuta $\sup \{V\mid V\ \text{ni nzuri}\}$.	$\frac{1}{4}$
Tuseme $n, k \geq 3$ ni nambari nzima, na $S$ ni duara. Chagua bila mpangilio na kwa kujitegemea nukta $n$ za bluu na nukta $k$ nyekundu kwenye duara $S$. Tuseme $F$ ni eneo linalopatikana kwa kukatazana kwa umbo la mbonyeo lililoundwa na nukta nyekundu na lile lililoundwa na nukta za bluu. Tuseme $m$ ni idadi ya vipeo vya poligoni ya mbonyeo $F$ (hususan, $m=0$ ikiwa $F$ haina elementi yoyote). Tafuta thamani tarajiwa ya $m$.	$\frac{2kn}{n+k-1} - 2\frac{k!n!}{(k+n-1)!}$
Tunasema namba halisi chanya $d$ ni $nzuri$ ikiwa ipo mfuatano usio na kikomo $a_1,a_2,a_3,\dots\in (0,d)$ kiasi kwamba kwa kila $n$, pointi $a_1,a_2,\dots,a_n$ zinaigawa sehemu ya mstari $[0,d]$ katika vipande vyenye urefu usiozidi $\frac{1}{n}$. Tafuta $\text{sup}\{d| d \text{ ni nzuri}\}$.	$\ln2$
Ikiwa $n$ ni nambari halisi chanya, ni idadi kubwa zaidi ya vekta za kitengo tofauti ngapi zinazoweza kuchaguliwa katika $\mathbb{R}^n$, ili kutoka kwa vekta zozote tatu zilizochaguliwa, angalau mbili ziwe orthojinali?	$2n$
Kokotoa $\lim\limits_{n \to \infty} \frac{1}{\log \log n} \sum\limits_{k=1}^n (-1)^k \binom{n}{k} \log k.$	1
Tathmini zidisho lifuatalo $$\prod_{n=3}^{\infty} \frac{(n^3+3n)^2}{n^6-64}.$$	$\frac{72}{7}$
Kwa $R>1$, iwe $\mathcal{D}_R =\{ (a,b)\in \mathbb{Z}^2: 0<a^2+b^2<R\}$. Kokotoa $$\lim_{R\rightarrow \infty}{\sum_{(a,b)\in \mathcal{D}_R}{\frac{(-1)^{a+b}}{a^2+b^2}}}.$$	$-\pi \log_2$
Fafanua mfuatano wa vitendakazi vinavyodiferenshika mfululizo $f_1,f_2,\ldots :[0,1)\to \mathbb{R}$ kwa uhusiano rejeshi ufuatao: $$ f_1=1; \qquad \quad f_{n+1}'=f_nf_{n+1} \quad\text{kwenye $(0,1)$}, \quad \text{na}\quad f_{n+1}(0)=1. $$ Onyesha kwamba kikomo $\lim\limits_{n\to \infty}f_n(x)$ kipo kwa kila $x\in [0,1)$ na bainisha kitendakazi cha kikomo hicho.	$\frac{1}{1-x}$
Leo, Ivan Mkiri anapendelea zaidi kazi endelevu $f:[0,1]\to\mathbb{R}$ zinazokidhi sharti $f(x)+f(y)\geq |x-y|$ kwa jozi zote za $x,y\in [0,1]$. Tafuta thamani ndogo zaidi ya $\int_0^1 f$ miongoni mwa kazi zote anazozipendelea.	$\frac{1}{4}$
Kokotoa $$ \lim_{A\to+\infty}\frac1A\int_1^AA^{\frac1x}\, dx . $$	1
Tukiwa na nukta $O = (0, 0)$ na $A = (2024, -2024)$ kwenye bapa. Kwa kila namba nzima chanya $n$, Damian anachora nukta zote zenye viwianishi kamili $B_{i,j} = (i, j)$ ambapo $0 \leq i, j \leq n$ na anahesabu eneo la kila pembetatu $OAB_{i,j}$. Iwe $S(n)$ ni jumla ya maeneo yote $(n+1)^2$ yaliyohesabiwa hapo juu. Tafuta kikomo kifuatacho: \[ \lim_{n \to \infty} \frac{S(n)}{n^3}. \]	1012
Kwa nambari kamili chanya $n$, $\sigma(n)$ inaashiria jumla ya vigawanyo vyote chanya vya $n$. Bainisha $$\limsup\limits_{n\rightarrow \infty} \frac{\sigma(n^{2023})}{(\sigma(n))^{2023}}$$ Zingatia: Tukipewa mfuatano $(a_n)$ wa nambari halisi, tunasema kwamba $\limsup\limits_{n\rightarrow \infty} a_n = +\infty$ ikiwa $(a_n)$ hauna ukomo wa juu, na vinginevyo, $\limsup\limits_{n\rightarrow \infty} a_n$ ni thamani ndogo kabisa isiyobadilika $C$ kiasi kwamba kwa kila nambari halisi $K > C$, ipo nambari kamili chanya $N$ ambapo $a_n < K$ kwa kila $n > N$.	1
Kwa kila nambari nzima chanya \( n \), acha \( s(n) \) iwe jumla ya nguvu za 71 na 97 katika utengano wa nambari hiyo katika vipengele vya msingi; kwa mfano, \( s(2021) = s(43 \cdot 47) = 0 \) na \( s(488977) = s(71^2 \cdot 97) = 3 \). Ikiwa tunafafanua \( f(n)=(-1)^{s(n)} \), thibitisha kwamba kikomo \[ \lim_{n \to +\infty} \frac{f(1) + f(2) + \cdots+ f(n)}{n} \] kipo, na tafuta thamani yake.	$\frac{20}{21}$
Kwa kila $0 < \alpha < 1$, iwe $R(\alpha)$ ni eneo katika $\mathbb{R}^2$ ambalo mpaka wake ni pembetano mbonyeo yenye vipeo $(0,1-\alpha), (\alpha, 0), (1,0), (1,1)$ na $(0,1)$. Iwe $R$ ni seti ya nukta zote zinazopatikana kwa pamoja katika kila eneo $R(\alpha)$ kwa kila $0 < \alpha < 1$, yaani,  \[ R = \bigcap_{0<\alpha<1} R(\alpha). \]  Tafuta ukubwa wa eneo la $R$.	$\frac{5}{6}$
Tuwe na mfuatano $\{a_n\}_{n\in \mathbb{N}}$ wa namba halisi zisizo sifuri. Kwa $m \geq 1$, tunafafanua:\[ X_m = \left\{X \subseteq \{0, 1,\dots, m - 1\}: \left|\sum_{x\in X} a_x \right| > \dfrac{1}{m}\right\}. \]Tafuta kikomo kifuatacho:\[\lim_{n\to\infty}\frac{|X_n|}{2^n}.\]	1
Kuna wachezaji $256$ katika mashindano ya tenisi ambao wameorodheshwa kutoka $1$ hadi $256$, ambapo mchezaji namba $1$ ndiye mwenye kiwango cha juu zaidi na mchezaji namba $256$ ndiye mwenye kiwango cha chini zaidi. Wakati wachezaji wawili wakicheza pambano kwenye mashindano hayo, mchezaji mwenye kiwango cha juu zaidi hushinda pambano hilo kwa uwezekano wa $\frac{3}{5}$.  Katika kila raundi ya mashindano hayo, mchezaji mwenye kiwango cha juu kabisa hucheza dhidi ya mchezaji mwenye kiwango cha pili, mchezaji mwenye kiwango cha tatu hucheza dhidi ya mchezaji mwenye kiwango cha nne, na kuendelea hivyo hivyo. Mwishoni mwa kila raundi, wachezaji walioshinda huendelea kwenye raundi inayofuata, huku walioshindwa wakitolewa kwenye mashindano. Baada ya raundi nane, hubaki mchezaji mmoja tu ambaye hutangazwa kuwa mshindi.  Tafuta thamani tarajiwa ya namba ya kiwango cha mshindi.	103
Tafuta namba zote kamili $k$, kiasi kwamba ipo mfuatano wa namba kamili ${\{a_n\}}$ unaotimiza masharti mawili yafuatayo   (1) Kwa kila namba kamili chanya $n$, $a_{n+1}={a_n}^3+ka_n+1$   (2) Kuna namba halisi $M$ ambapo $|a_n| \leq M$	${-4,-2,-1,1}$
Tunapewa pembe sita $\mathcal{P}$ iliyoandikwa ndani ya mraba wenye urefu wa upande mmoja, huku kila kilele cha pembe sita kikiwa kwenye upande wa mraba huo. Inajulikana kwamba pembe zote za ndani za pembe sita hiyo ni sawa. Tafuta thamani kubwa zaidi inayowezekana ya urefu wa upande mfupi zaidi wa $\mathcal{P}$.	$1-\frac{1}{\sqrt{3}}$
Ikiwa nambari \( a_1,a_2,\cdots,a_{100}\geq 0 \), na zinatimiza sharti \( \max\{a_{i-1}+a_i,a_i+a_{i+1}\}\geq i \) kwa kila \( 2\leq i\leq 99 \), tafuta thamani ndogo kabisa ya \( a_1+a_2+\cdots+a_{100} \).	1683
Kwenye ubao wa chess wenye ukubwa wa $8\times 8$, weka kijiti kwenye kila ukingo wa kila mraba mdogo (kwenye ukingo wa pamoja baina ya miraba miwili, kijiti kimoja tu kitafaa kuwekwa). Idadi ndogo zaidi ya vijiti vinavyopaswa kuondolewa ni ipi ili vijiti vitakavyobaki visitengeneze mstatili wowote?	43
Tuseme $P_i(x_i,y_i)\ (i=1,2,\cdots,2023)$ ni nukta tofauti $2023$ katika ndege yenye mfumo wa kuratibu wa mstatili. Kwa $i\neq j$, fafanua $d(P_i,P_j) = |x_i - x_j| + |y_i - y_j|$. Fafanua  $$\lambda = \frac{\max_{i\neq j}d(P_i,P_j)}{\min_{i\neq j}d(P_i,P_j)}.$$ Tafuta thamani ndogo kabisa ya $\lambda$.	44
Tafuta jozi zote za nambari nzima chanya $(a,b,c)$ zinazokidhi: $$\frac{a}{2^a}=\frac{b}{2^b}+\frac{c}{2^c}$$	(1,4,4), (2,4,4), (4,5,6), (4,6,5)
Ikiwa $x_i\ (i = 1, 2, \cdots 22)$ ni namba halisi kiasi kwamba $x_i \in [2^{i-1},2^i]$, tafuta thamani kubwa zaidi iwezekanayo ya: $$(x_1+x_2+\cdots +x_{22})\left(\frac{1}{x_1}+\frac{1}{x_2}+\cdots+\frac{1}{x_{22}}\right)$$	$\left(2^{12}-1-\frac{1}{2^{11}}\right)^2$
Tukiwa na namba tasa $p\ge 5$. Tafuta idadi ya mabaki tofauti moduli $p$ yanayotokana na kuzidisha namba tatu chanya zinazofuatana.	$\left \lfloor \frac{2p+1}{3} \right \rfloor$
Iwe $n \geqslant 3$ ni nambari kamili. Ikikadiriwa poligoni mbonyeo yenye pembe $n$ iitwayo $\mathcal{P}$. Upakaji wa rangi $3$ wa vipeo vya $\mathcal{P}$ huitwa mzuri ikiwa kila nukta ya ndani ya $\mathcal{P}$ ipo ndani au kwenye mpaka wa pembetatu inayoundwa na vipeo vya poligoni vyenye rangi tofauti mbili mbili. Bainisha idadi ya upakaji rangi tofauti iliyo mizuri.   (Upakaji rangi miwili ni tofauti kama kuna kilele angalau kimoja kinachotofautiana.)	$2^n + 2\cdot(-1)^n$
Tafuta nambari ndogo zaidi chanya ya kitufe $n$, ili iwezekane kupaka kila kisanduku katika gridi ya ukubwa $n \times n$ kwa rangi nyekundu, njano au bluu ambayo inatimiza masharti yote yafuatayo:   (1) Idadi ya visanduku vilivyopakwa kila rangi ni sawa;   (2) Ikiwa mstari mlalo una kisanduku chekundu, basi mstari huo lazima uwe pia na kisanduku cha bluu na hauwezi kuwa na kisanduku cha njano;   (3) Ikiwa safu wima ina kisanduku cha bluu, safu hiyo lazima iwe pia na kisanduku chekundu lakini haiwezi kuwa na kisanduku cha njano.	45
Kuna madarasa $3$ yenye wanafunzi $n$ katika kila darasa, huku urefu wa wanafunzi wote $3n$ ukiwa tofauti kati ya mwanafunzi mmoja na mwingine. Gawa wanafunzi katika vikundi vya watu $3$ ambapo katika kila kikundi kuna mwanafunzi mmoja kutoka kila darasa. Katika kila kikundi, mwanafunzi mrefu kuliko wote anaitwa mwanafunzi mrefu. Tuseme kwamba kwa mgawanyo wowote ule wa wanafunzi, kuna angalau wanafunzi warefu 10 katika kila darasa. Tafuta thamani ndogo kabisa ya $n$.	40
Iwe $n$ ni namba kamili chanya iliyotolewa. Tuseme $\mathbb{N}_+$ inaashiria seti ya namba zote kamili chanya. Bainisha idadi ya orodha zote zenye urefu wenye kikomo katika umbo $(a_1,a_2,\cdots,a_m)$ zinazokidhi masharti yafuatayo: (1) $m\in \mathbb{N}_+$ na $a_1,a_2,\cdots,a_m\in \mathbb{N}_+$ na $a_1+a_2+\cdots+a_m=n$. (2) Idadi ya jozi zote $(i,j)$ za namba kamili zinazotimiza $1\leq i<j\leq m$ na $a_i>a_j$ ni namba shufwa.  Kwa mfano, wakati $n=4$, idadi ya orodha zote kama hizo $(a_1,a_2,\cdots,a_m)$ ni $6$, nazo ni $(4),$ $(1,3),$ $(2,2),$ $(1,1,2),$ $(2,1,1),$ $(1,1,1,1)$.	$2^{n - 2} + 2^{\lfloor\frac{n}{2}\rfloor - 1}$
Kwa mfuatano fulani, mtu anaweza kufanya operesheni ifuatayo: chagua viungo vitatu vinavyofuatana $a,b,c,$ na uvibadilishe kuwa $b,c,a.$ Bainisha namba zote halali chanya $n\geq 3,$ ambazo baada ya idadi yenye mpaka ya operesheni, mfuatano $1,2,\cdots, n$ unaweza hatimaye kubadilishwa kuwa $n,n-1,\cdots,1.$	$n\equiv 0,1 \pmod{4}$
Ikiwa tunapewa $k \in \mathbb{N}^+$. Mlolongo wa seti ndogo za seti ya namba kamili $\mathbb{Z} \supseteq I_1 \supseteq I_2 \supseteq \cdots \supseteq I_k$ huitwa $k$-mnyororo ikiwa kwa kila $1 \le i \le k$ tuna masharti yafuatayo: (i) $168 \in I_i$; (ii) $\forall x, y \in I_i$, tuna $x - y \in I_i$. Tafuta idadi ya jumla ya $k$-mnyororo.	$\frac{(k+1)^3(k+2)(k+3)}{6}$
Kwa kuzingatia viboksi vyenye safu $2018 \times 4$, vikapakwa rangi nyekundu na buluu kwa namna ambayo kila mstari mlalo na kila mstari wima una idadi sawa ya viboksi vyekundu na viboksi vya buluu. Ikiwa kuna namna $M$ za kupaka rangi viboksi hivyo kulingana na masharti yaliyotajwa, tafuta thamani ya $M \pmod{2018}$.	6
Iwe $n$ ni namba kamili chanya iliyowekwa. Zingatia majedwali mawili yenye ukubwa $n\times n$:  $$A=\begin{bmatrix} a_{11} & a_{12} & \cdots & a_{1n}  \\ a_{21} & a_{22} & \cdots & a_{2n}  \\ \vdots & \vdots & \cdots & \vdots \\ a_{n1} & a_{n2} & \cdots & a_{nn} \end{bmatrix}\quad \text{na} \quad B=\begin{bmatrix} b_{11} & b_{12} & \cdots & b_{1n}  \\ b_{21} & b_{22} & \cdots & b_{2n}  \\ \vdots & \vdots & \cdots & \vdots \\ b_{n1} & b_{n2} & \cdots & b_{nn} \end{bmatrix}\quad$$ yanayokidhi masharti kwamba $\{a_{ij}|1\le i,j\le n\}=\{b_{ij}|1\le i,j\le n\}=\{k\in N^*|1\le k\le n^2\}$.  Tunaweza kufanya operesheni ifuatayo kwenye jedwali $A$: Chagua namba zozote $2$ katika safu mlalo moja au safu wima moja ya $A$, badilisha nafasi za hizi namba mbili pekee, huku namba zingine $n^2-2$ zikibaki bila kubadilika. Operesheni hii huitwa ubadilishaji ("transposition") ndani ya jedwali $A$.  Tafuta, ukionyesha uthibitisho, namba kamili chanya iliyo ndogo zaidi $m$ ambayo kwa majedwali yoyote mawili $A$ na $B$, mtu anaweza kufanya ubadilishaji mara zisizozidi $m$ hadi kupata jedwali $B$ toka jedwali $A$.	$2n(n-1)$
Ikiwa $\mathbb{Q}$ ni seti ya namba za kirationali, na $\mathbb{Z}$ ni seti ya namba kamili. Katika mfumo wa viwango, tukipewa namba kamili chanya $m$, tunafafanua $$A_m = \left\{ (x,y)\mid x,y\in\mathbb{Q}, xy\neq 0, \frac{xy}{m}\in \mathbb{Z}\right\}.$$ Kwa kipande cha mstari $MN$, fafanua $f_m(MN)$ kama idadi ya nukta kwenye kipande cha mstari $MN$ ambazo ziko katika seti $A_m$.  Tafuta namba halisi ndogo kabisa $\lambda$, kiasi kwamba kwa mstari wowote $l$ kwenye mfumo wa viwango kuna namba isiyobadilika $\beta(l)$ inayohusiana na $l$, na kutimiza: kwa nukta zozote mbili $M,N$ kwenye mstari $l$,   $$f_{2016}(MN)\le \lambda f_{2015}(MN)+\beta (l)$$	$\frac{2015}{6}$
Ikiwa tumepewa seti yenye mwisho na isiyo tupu \( X \) yenye thamani halisi, hebu \( f(X) = \frac{1}{|X|} \displaystyle\sum\limits_{a\in X} a \), ambapo \( \left\lvert X \right\rvert \) inaashiria idadi ya elementi za \( X \). Kwa jozi zilizo na mpangilio za seti \( (A,B) \) zenye kutosheleza masharti \( A\cup B = \{1, 2, \dots , 100\} \) na \( A\cap B = \emptyset \), ambapo \(1\leq |A|\leq 98\), chagua elementi fulani \( p\in B \), kisha weka \( A_{p} = A\cup\{p\} \) na \( B_{p} = B - \{p\} \). Kwa jozi zote kama hizo \( (A,B) \) na \( p\in B \), tafuta thamani kubwa zaidi inayowezekana ya \( (f(A_{p}) - f(A))(f(B_{p}) - f(B)) \).	$\frac{625}{196}$
Hebu $S$ iwe ni seti ndogo ya $\{0,1,2,\ldots,98\}$ yenye hasa vipengele (tofauti) $m\geq 3$, ili kwamba kwa kila $x,y\in S$ kuna $z\in S$ inayotimiza \[ x + y \equiv 2z \pmod{99}. \] Tafuta thamani zote zinazowezekana za $m$.	${3, 9, 11, 33, 99}$
Tafuta idadi ya nambari kamili $k$ katika kundi $\{0, 1, 2, \dots, 2012\}$ ambazo zinakidhi sharti kwamba $\binom{2012}{k}$ inagawanyika kwa $2012$.	1498
Tafuta nambari ndogo zaidi isiyo gawanyika kwa mbili \(a > 5\) inayotimiza masharti yafuatayo: Kuna nambari nzima chanya \(m_1,m_2, n_1, n_2\) ambazo zinakidhi masharti \(a = m_1^2 + n_1^2\), \(a^2 = m_2^2 + n_2^2\), na \(m_1 - n_1 = m_2 - n_2.\)	261
Tunachunguza mashindano ya michezo yenye timu $n \ge 4$ zinazoshiriki ambapo kila jozi ya timu zinacheza mchezo dhidi ya nyingine mara moja tu (au hazichezi kabisa). Tunaita mashindano haya yenye uwiano endapo kwa kila kundi la timu nne zinazoshiriki, zinacheza michezo mitatu kamili baina yao. Kwa hiyo, si lazima kila timu icheze dhidi ya nyingine zote. Tafuta thamani kubwa zaidi ya $n$ ambayo mashindano yenye uwiano yenye timu $n$ yanaweza kuwepo.	5
Kwa nambari nzima chanya \( n \), iwe \( g(n) = \left[ \displaystyle \frac{2024}{n} \right] \). Tafuta thamani ya $$\sum_{n = 1}^{2024}\left(1 - (-1)^{g(n)}\right)\phi(n).$$	$2 \cdot 1012^2$
Seti \( A_0, A_1, \dots, A_{2023} \) zinatimiza masharti yafuatayo: \( A_0 = \{ 3 \} \) \( A_n = \{ x + 2 \mid x \in A_{n - 1} \} \cup \{ x(x + 1) / 2 \mid x \in A_{n - 1} \} \) kwa kila \( n = 1, 2, \dots, 2023 \). Tafuta thamani ya \( |A_{2023}| \).	$2^{2023}$
Visiwa $n(\geq 4)$ vimeunganishwa kwa madaraja yanayotimiza masharti yafuatayo: Kila daraja linaunganisha visiwa viwili pekee na halipiti kwenye kisiwa kingine chochote. Kati ya visiwa vyovyote viwili tofauti kunaweza kuwepo daraja moja tu au lisiwepo kabisa. Hakuna orodha yoyote ya visiwa tofauti $A_1, A_2, \ldots, A_{2k}(k \geq 2)$ inayotosheleza yafuatayo: Kwa kila $i=1, 2, \ldots, 2k$, visiwa viwili $A_i$ na $A_{i+1}$ vinaunganishwa kwa daraja. (Tuchukulie $A_{2k+1}=A_1$) Tafuta idadi kubwa zaidi ya madaraja iwezekanayo.	$\frac{3(n-1)}{2}$
Katika jedwali lenye safu mlalo \(88\) na safu wima \(253\), kila kisanduku kimepakwa rangi ya zambarau au njano. Tuseme kwa kila kisanduku cha njano \( c \),  $$x(c)y(c)\geq184,$$ ambapo \( x(c) \) ni idadi ya visanduku vya zambarau vilivyo katika mstari mlalo mmoja na \( c \), na \( y(c) \) ni idadi ya visanduku vya zambarau vilivyo katika mstari wima mmoja na \( c \). Tafuta idadi ndogo kabisa iwezekanavyo ya visanduku vilivyopakwa rangi ya zambarau.	2024
Ipe $\ell$ iwe mstari katika bapa na $90^\circ<\theta<180^\circ$. Fikiria pointi zozote tofauti $P,Q,R$ zinazotimiza masharti yafuatayo: (i) $P$ iko juu ya mstari $\ell$, na $PQ$ ni wima kwa mstari $\ell$. (ii) $R$ iko upande uleule wa mstari $\ell$ kama $Q$, na $R$ haiko juu ya mstari $\ell$. (iii) kwa pointi zozote $A,B$ zilizopo juu ya mstari $\ell$, ikiwa $\angle ARB=\theta$ basi $\angle AQB \geq \theta$. Tafuta thamani ndogo kabisa ya $\angle PQR$.	$270-\theta$
Ikiwa $a$, $b$ na $c$ ni namba halisi chanya zinazotimiza $ab + bc + ca = abc$, bainisha thamani ndogo kabisa ya $$a^abc + b^bca + c^cab.$$	729
Tambua polinomia zote $P(x)$ zilizo na viambajengo vya nambari kamili zinazokidhi sharti $P(n)\mid n!+2$ kwa kila nambari nzima chanya $n$.	$P(x)=-1,1$
Ikiwa nambari halisi zisizo sufuri \( a, b, c \) zinatosheleza sharti \( a + b + c = 0 \), bainisha thamani kubwa kabisa iwezekanavyo ya usemi ufuatao: \[ \frac{a^2b^2c^2}{ (a^2 + ab + b^2)(b^2 + bc + c^2)(c^2 + ca + a^2)} \]	$\frac{4}{27}$
