టర్బో ఒక బోర్డు మీద ఒక గేమ్ ఆడుతున్నాడు $2024$ అడ్డు-వరుసలు మరియు $2023$ నిలువు వరుసలు. సెల్ లు $2022$ లో దాగి రాక్షసులు ఉన్నాయి. మొదట్లో, టర్బోకు ఏ రాక్షసులు ఎక్కడ ఉన్నాయో తెలియదు, కాని మొదటి వరుస మరియు చివరి వరుస తప్ప ప్రతి వరుసలో సరిగ్గా ఒక రాక్షసుడు ఉన్నాడని మరియు ప్రతి కాలమ్లో గరిష్టంగా ఒక రాక్షసుడు ఉన్నాడని అతనికి తెలుసు. టర్బో మొదటి వరుస నుండి చివరి వరుస వరకు వెళ్ళడానికి అనేక ప్రయత్నాలు చేస్తుంది. ప్రతి ప్రయత్నంలో, అతను మొదటి వరుసలోని ఏ సెల్ ను అయినా ప్రారంభించాలని ఎంచుకుంటాడు, ఆపై ఒకే వైపు పంచుకునే ప్రక్కనే ఉన్న సెల్ కు పదేపదే కదులుతాడు. (అతనికి ఇంతకుముందు సందర్శించిన సెల్కు తిరిగి వెళ్ళడానికి అనుమతి ఉంది.) అతను ఒక రాక్షసుడితో ఒక సెల్ చేరుకున్నట్లయితే, అతని ప్రయత్నం ముగుస్తుంది మరియు అతను ఒక కొత్త ప్రయత్నం ప్రారంభించడానికి మొదటి వరుసకు తిరిగి రవాణా చేయబడతాడు. రాక్షసులు కదలరు, టర్బో తాను సందర్శించిన ప్రతి సెల్ లో ఒక రాక్షసుడు ఉన్నాడో లేదో గుర్తుంచుకుంటాడు. అతను చివరి వరుసలో ఏ సెల్ చేరుకున్నట్లయితే, అతని ప్రయత్నం ముగుస్తుంది మరియు ఆట ముగిసింది. $n$ యొక్క కనిష్ట విలువను కనిగొనండి, దీని కోసం టర్బో ఒక వ్యూహాన్ని కలిగి ఉంది, ఇది $n$ వ ప్రయత్నంలో లేదా అంతకు ముందే చివరి వరుసకు చేరుకోవటానికి హామీ ఇస్తుంది, రాక్షసుల స్థానాలకు సంబంధం లేకుండా. 	3
$\mathbb{Q}$ ను కరణీయ సంఖ్యలు సమితిగా పరిగణిద్దాం. ఒక ఫంక్షన్ $f: \mathbb{Q} \to \mathbb{Q}$ కి, కింది గుణము అనుగుణంగా ఉంటే, అది aquaesulian ఫంక్షన్ అని పిలవబడుతుంది: ప్రతి $x,y \in \mathbb{Q}$ కోసం,   \[ f(x+f(y)) = f(x) + y \quad \text{or} \quad f(f(x)+y) = x + f(y). \] ఒక పూర్ణాంకం $c$ ఉందని చూపించండి, ఇది ఏదైనా ఆక్వాసూలియన్ ఫంక్షన్ $f$ కు, కొన్ని కరణీయ సంఖ్యలు $r$ కోసం, $f(r) + f(-r)$ రూపంలో ఉన్న విభిన్న కరణీయ సంఖ్యల సంఖ్య $c$ కన్నా ఎక్కువగా ఉండదని నిర్ధారిస్తుంది. అలాగే, $c$ యొక్క కనిష్టమైన విలువను కనుగొనండి.	2
$n$ అనేది ఒక ధనాత్మక పూర్ణాంకం అనుకుందాం. జపనీయ త్రిభుజంలో సమబాహు త్రిభుజాకారంలో అమర్చబడిన $1 + 2 + \dots + n$ వృత్తాలు ఉంటాయి, అంటే ప్రతి $i = 1$, $2$, $\dots$,$n$, కోసం, $i^{th}$ వరుసలో ఖచ్చితంగా $i$ వృత్తాలు ఉంటాయి, వాటిలో ఒకటి ఎరుపు రంగులో ఉంటుంది. జపనీయత్రిభుజంలో ఒక నింజా పథం అనేది $n$ వృత్తాల శ్రేణి, ఇది ఎగువ వరుసలో ప్రారంభించి, ఆపై ఒక వృత్తం నుండి దాని క్రింద ఉన్న రెండు వృత్తములలో ఒకదానికి పదేపదే వెళ్లి, దిగువ వరుసలో ముగుస్తుంది. ఇక్కడ $n = 6$ తో జపనీయ త్రిభుజం యొక్క ఒక ఉదాహరణ, ఆ త్రిభుజంలో రెండు ఎర్రటి వృత్తాలతో నింజా పథం ఉంది. [asy] // credit to vEnhance for the diagram (which was better than my original asy): size(4cm);  pair X = dir(240); pair Y = dir(0);  path c = scale(0.5)*unitcircle;  int[] t = {0,0,2,2,3,0};  for (int i=0; i < =5; ++i) {     for (int j=0; j < =i; ++j) {  filldraw(shift(i*X+j*Y)*c, (t[i]==j) ? lightred : white);  draw(shift(i*X+j*Y)*c);     }  }  draw((0,0)--(X+Y)--(2*X+Y)--(3*X+2*Y)--(4*X+2*Y)--(5*X+2*Y),linewidth(1.5));  path q = (3,-3sqrt(3))--(-3,-3sqrt(3));  draw(q,Arrows(TeXHead, 1));  label("<span class="math-blue">$n = 6$</span>", q, S); label("<span class="math-blue">$n = 6$</span>", q, S); [/asy]$n$ పరంగా, ప్రతి జపనీయ త్రిభుజంలో కనీస $k$ ఎరుపు వృత్తాలను కలిగి ఉన్న నింజా పథం ఉండేలా అతిపెద్ద $k$విలువను కనుగొనండి.	$\lfloor \log_{2} n  \rfloor + 1$
ఒక $n$ పరిమాణమున్న ధనాత్మక పూర్ణాంకంగా తీసుకోండి. ఒక నార్డిక్ స్క్వేర్ అనేది $1$ నుండి $n^2$ వరకు ఉన్న అన్ని సంఖ్యలను కలిగి ఉండే $n \times n$ బోర్డు, ఇక్కడ ప్రతి సెల్ లో ఖచ్చితంగా ఒక సంఖ్య ఉంటుంది. రెండు వేర్వేరు సెల్లు సమీపంలో ఉన్నవి, అవి ఒక పరస్పరభుజము భాగాన్ని పంచుకుంటే. ప్రతి సెల్, అది కేవలం పెద్ద సంఖ్యలు ఉన్న సెల్లులకే సమీపంగా ఉంటే, ఒక కూడు అని పిలవబడుతుంది. ఒక అప్ హిల్ మార్గం అనేది ఒక లేదా అంతకంటే ఎక్కువ సెల్లుల యొక్క సూత్రం, ఇందులో: (i) సూత్రంలో మొదటి సెల్ ఒక కూడు, (ii) ప్రతి తదుపరి సెల్ ముందు సెల్ కి సమీపంలో ఉంటుంది, మరియు (iii) సూత్రంలో ఉన్న సెల్లులలో ఉన్న సంఖ్యలు పెరుగుదల క్రమంలో ఉంటాయి. $n$ యొక్క ఫంక్షన్ గా, ఒక నార్డిక్ స్క్వేర్ లో అతి చిన్న మొత్తం అప్ హిల్ మార్గాల సంఖ్యను కనుగొనండి.	$2n^2 - 2n + 1$
ప్రొఫెసర్ ఓక్ తన $100$ పోకీమాన్‌లకు ఆహారం పెడుతున్నారు. ప్రతి పోకీమాన్‌కు ఒక బౌల్ ఉంది, దీని సామర్థ్యం కిలోలలో ఒక సానుకూల రియల్ నంబర్. ఈ సామర్థ్యాలు ప్రొఫెసర్ ఓక్‌కు తెలుసు. అన్ని బౌల్స్‌ల మొత్తం సామర్థ్యం $100$ కిలోలుగా ఉంటుంది.ప్రొఫెసర్ ఓక్ $100$ కిలోల ఆహారాన్ని పంపిణీ చేస్తారు, అందులో ప్రతి పోకీమాన్ సున్నా లేదా పాజిటివ్ పూర్తి సంఖ్యలో ఆహారం (బౌల్ సామర్థ్యాన్ని మించవచ్చు) అందుకుంటుంది. ఒక పోకీమాన్ $N$ కిలోల ఆహారం అందుకున్నప్పుడు, మరియు దాని బౌల్ సామర్థ్యం $C$ కిలోలైతే, ఆ పోకీమాన్ అసంతృప్తి స్థాయి $\lvert N-C\rvert$ కు సమానం.  బౌల్స్ సామర్థ్యాలు ఏవైనా అయినా, మొత్తం $100$ పోకీమాన్‌ల అసంతృప్తి స్థాయిల సముపార్జన గరిష్టంగా $D$ కి తక్కువగా ఉండేలా ఆహారం పంపిణీ చేయడం సాధ్యమయ్యే అతి చిన్న వాస్తవ సంఖ్యను  $D$ కనుగొనండి.	50
"క్రింది రెండు లక్షణాలను సంతృప్తిపరిచే ధనాత్మక పూర్ణాంకాల శ్రేణి $a_1,\dots,a_L$ యొక్క గరిష్ట పొడవు $L$ ను నిర్ణయించండి:    1. శ్రేణిలో ప్రతి పదం $2^{2023}$ కంటే తక్కువగా లేదా సమంగా ఉండాలి.   2. అనుసంధాన ఉపశ్రేణి $a_i,a_{i+1},\dots,a_j$ (ఇక్కడ $1\le i\le j\le L$) కోసం, ఏదైనా సంకేతాల ఎంపిక $s_i,s_{i+1},\dots,s_j\in\{1,-1\}$ ఉండకూడదు, దీనివల్ల కింది సమీకరణం సంతృప్తి చెందుతుంది:      \[s_ia_i+s_{i+1}a_{i+1}+\dots+s_ja_j=0.\]"	$2^{2024} - 1$
"$n\geqslant 2$ ధనాత్మక పూర్ణాంకంగా అనుకోండి. పాల్ $n^2$ యూనిట్ చదరాల నుండి $1\times n^2$ దీర్ఘచతురస్రపు పట్టీని కలిగి ఉన్నాడు, షేలో $i^{\text{th}}$ చదరం $i$ అని లేబుల్ చేయబడింది ఎక్కడ $1\leqslant i\leqslant n^2$. అతను స్ట్రిప్ను అనేక భాగాలుగా కత్తిరించాలనుకుంటున్నాడు, ప్రతి భాగం ఏకాంత యూనిట్ చదరాల సంఖ్యను కలిగి ఉంటుంది, మరియు అప్పుడు వివిధ పరిస్థితులు ఉండకుండా ఈ భాగాలను $n\times n$ చదరపు పొడుగు నిర్వహిస్తాడు, ఇదీ కొన్ని గుణపాఠం: ఒక యూనిట్ చదరం $i^{\text{th}}$ వరుసలో మరియు $j^{\text{th}}$ కాలం $a_{ij}$ అని లేబుల్ చేయబడితే, $a_{ij}-(i+j-1)$ $n$ తో భాగించదగినది. ఈ సాధించడానికి పాల్ అక్కిరి చేయవలసిన భాగాల కనిష్ట సంఖ్యను కనుగొనండి."	$2n - 1$
ఇమోమి ద్వీపసమూహం $n\geq 2$ దీవులను కలిగి ఉంది. ప్రతి జత విభిన్న దీవుల మధ్య రెండు దిశలలో నడిచే ఒక ప్రత్యేకమైన ఫెర్రీ లైన్ ఉంది మరియు ప్రతి ఫెర్రీ లైన్‌ను $k$ కంపెనీలలో ఒకటి నిర్వహిస్తుంది. $k$ కంపెనీలలో ఏదైనా ఒకటి దాని అన్ని ఫెర్రీ లైన్‌లను మూసివేస్తే, ప్రయాణికుడు ఎక్కడ ప్రారంభించినా, అన్ని దీవులను సరిగ్గా ఒకసారి సందర్శించడం అసాధ్యం (ముఖ్యంగా, ప్రయాణికుడు ప్రారంభించిన ద్వీపానికి తిరిగి రాకపోవడం). $n$ పరంగా $k$ యొక్క గరిష్ట సాధ్యమైన విలువను నిర్ణయించండి.	$\lfloor \log_{2}n \rfloor$
$a_1, \dots, a_n, b_1, \dots, b_n$ be $2n$ అనేవి పాజిటివ్ ఇంటిజర్లు, వాటి $n+1$ లబ్దాలు \[a_1 a_2 a_3 \cdots a_n, b_1 a_2 a_3 \cdots a_n, b_1 b_2 a_3 \cdots a_n, \dots, b_1 b_2 b_3 \cdots b_n\] ఆ క్రమంలో  ఖచ్చితంగా పెరుగుతున్న అంకగణిత శ్రేణిని ఏర్పరుస్తాయి ఇలాంటి అంకగణిత శ్రేణి యొక్క సాధారణ వ్యత్యాసం కాగల అతి చిన్న సంభావ్య ఇంటిజర్‌‌ను కనుగొనండి.	$n!$
$k\ge2$ అయిన ఒక పూర్ణాంకంగా పరిగణిద్దాం.   $n \ge k+1$ ను సంతృప్తిపరిచే కనిష్ట పూర్ణాంకం $n$ను కనుగొనండి, దీనికి ఒక లక్షణం ఇది:   $n$ వేర్వేరు వాస్తవ సంఖ్యల సమితి ఉంది, ఇందులో ప్రతి అంశాన్ని ఆ సమితిలోని ఇతర $k$ వేర్వేరు అంశాల మొత్తంగా వ్రాయడం సాధ్యమవుతుంది.	$k + 4$
$\mathbb R$ ను వాస్తవ సంఖ్యల సమితిగా పరిగణిద్దాం. $\mathcal F$ ద్వారా, అన్ని ఫంక్షన్‌ల సమితిని సూచిద్దాం, ఇక్కడ $f\colon\mathbb R\to\mathbb R$ మరియు   $$f(x + f(y)) = f(x) + f(y)$$   ప్రతి $x,y\in\mathbb R$ కోసం.   $f\in\mathcal F$ లోని ప్రతి ఫంక్షన్ $f$ కోసం, ప్రతి కరణీయ సంఖ్య $q$ కు, $f(z)=qz$ ని తృప్తిపరిచే కొంత $z\in\mathbb R$ కనుగొనండి.	$\left\{ \frac{n+1}{n}: n\in\mathbb{Z}, n\neq0 \right\}$
ఒక $\pm 1$-క్రమం అనేది $2022$ సంఖ్యల $a_1, \ldots, a_{2022},$ సీక్వెన్స్, ఇందులో ప్రతి సంఖ్య $+1$ లేదా $-1$ కావచ్చు.   ఏదైనా $\pm 1$-క్రమం కోసం, ఒక పూర్ణాంకం $k$ మరియు సూచీలు $1 \le t_1 < \ldots < t_k \le 2022$ ఉండేలా, అన్ని $i$ లకు $t_{i+1} - t_i \le 2$ అయినప్పుడు,   $$\left| \sum_{i = 1}^{k} a_{t_i} \right| \ge C.$$   మూడింటిలో గరిష్ట $C$ ను కనుగొనండి.	506
ఒక సంఖ్యకు మూడు విభిన్న ధనాత్మక భాజకాలు ఉంటే, వాటి మొత్తం $2022$కి సమానమైతే దానిని నార్వేజియన్ అంటారు. అతి చిన్న నార్వేజియన్ సంఖ్యను నిర్ణయించండి. (గమనిక: నార్వేజియన్ సంఖ్య యొక్క మొత్తం ధనాత్మక భాజకాల సంఖ్య $3$ కంటే పెద్దదిగా అనుమతించబడుతుంది.)	1344
$f: \mathbb{R} \rightarrow \mathbb{R}$ యొక్క అన్ని ఫంక్షన్‌లను నిర్ణయించండి, ఇవి $$(f(a)-f(b))(f(b)-f(c))(f(c)-f(a)) = f(ab^2+bc^2+ca^2) - f(a^2b+b^2c+c^2a)$$ లను సంతృప్తిపరుస్తాయి, ఇవి $a$, $b$, $c$ లన్నిటినీ వాస్తవ సంఖ్యలుగా సూచిస్తాయి.	$f(x)=\alphax+\beta$ or $f(x)=\alphax^3+\beta$ where $\alpha \in \{-1,0,1\}$ and $\beta\in\mathbb{R}$
$N$ అడ్డు-వరుసలు మరియు $100$ నిలువు వరుసలతో కూడిన పూర్ణాంకాల పట్టిక $T$ ఉన్న అతిపెద్ద పూర్ణాంకం $N$ని నిర్ణయించండి, దానికి ఈ క్రింది లక్షణాలు ఉన్నాయి: $\text{(i)}$ ప్రతి అడ్డు వరుసలో ఏదో ఒక క్రమంలో $1$, $2$, $\ldots$, $100$ సంఖ్యలు ఉంటాయి. $\text{(ii)}$ $r$ మరియు $s$ అనే రెండు విభిన్న వరుసలకు, $|T(r,c) - T(s, c)|\geq 2$ ఉండేలా $c$ అనే నిలువ వరుస ఉంటుంది. (ఇక్కడ $T(r,c)$ అనేది $r$ వరుస మరియు $c$ నిలువు వరుసలోని ఎంట్రీ.)	$\frac{100!}{2^{50}}$
$R^+$ అనేది ధనాత్మక వాస్తవ సంఖ్యల సమితి. అన్ని ఘన నిజ సంఖ్యలు $x$ మరియు $y:$ $$f(x+f(xy))+y=f(x)f(y)+1$$ అయ్యే విధంగా అన్ని ఫంక్షన్‌లు $f:R^+$ $\rightarrow$ $R^+$ ను కనుగొనండి	$f(x) = x + 1$
ఒక పూర్ణాంకం $n > 1$. ఒక కొండ యొక్క శ్రేణిపై $n^2$ స్టేషన్లు ఉన్నాయి, ఇవి అన్ని వేర్వేరు ఎత్తుల్లో ఉన్నాయి. రెండు కేబుల్ కార్ కంపెనీలు, $A$ మరియు $B$, తలో సంస్థ $k$ కేబుల్ కార్లను విజయవంతంగా నడుపుతున్నాయి; ప్రతి కేబుల్ కార్ ఒక స్టేషన్ నుండి ఎత్తైన మరో స్టేషన్‌కు బదిలీ అందిస్తుంది (మధ్యలో ఎక్కడా ఆగకుండా). $A$ సంస్థ యొక్క $k$ కేబుల్ కార్లు $k$ వేర్వేరు ప్రారంభ స్థాయిల్లో మరియు $k$ వేర్వేరు ముగింపు స్థాయిలలో ప్రారంభమవుతాయి, మరియు ఎత్తైన స్థాయి నుండి ప్రారంభమయ్యే కేబుల్ కార్ ఎల్లప్పుడూ ఎత్తైన స్థాయిలో ముగుస్తుంది. అదే నిబంధనలు $B$ సంస్థకు కూడా వర్తిస్తాయి. ఒక కంపెనీకి రెండు స్టేషన్లు అనుసంధానించబడ్డాయని అంటే, దిగువ స్టేషన్ నుండి ప్రారంభించి ఒకటి లేదా ఎక్కువ కార్లను వాడి ఎత్తైన స్టేషన్‌కు చేరవచ్చు (మరే ఇతర స్టేషన్ల మధ్య కదలికలు అనుమతించబడవు). ఇరు కంపెనీలతో అనుసంధానించబడతాయి అని నిర్ధారించడానికి, కనిష్ట ధనాత్మక పూర్ణాంకం $k$ ను కనుగొనాలి.	$n^2 - n + 1$
ఫిబోనాచీ సంఖ్యలు $F_0, F_1, F_2, . . .$ అనేవి నిర్వచించబడినవి ఇంద్రప్రస్తుల పద్ధతిలో: $F_0=0, F_1=1$ మరియు $F_{n+1}=F_n+F_{n-1}$, ఇక్కడ $n \ge 1$. ఒక నిర్దిష్ట సమయం $n \ge 2$ ప్రచురించారు, మీరు ఆత్రంగమాన తరుణంలో ఉంచే విధంగా విశ్లేచించాలి ఒక సమితి $S$ లో పూర్తి సంఖ్యలు చిన్న పరిమాణం ఉన్నట్లు దాంట్లో $k=2, 3, . . . , n$ ఒక ఉన్నప్పుడు $x, y \in S$ ఉంటాయి $x-y=F_k$. 	$\lceil \frac{n}{2} \rceil + 1$
క్రీడాకారులు $A$ మరియు $B$ ఒక బ్లాక్‌బోర్డ్‌పై ఆట ఆడుతున్నారు, కాని ప్రారంభములో 2020 సార్లు 1 సంఖ్య ఉంది. ప్రతి రౌండ్‌లో, క్రీడాకారుడు $A$ బ్లాక్‌బోర్డ్ నుండి రెండు సంఖ్యలు $x$ మరియు $y$ తొలగిస్తారు, తరువాత క్రీడాకారుడు $B$ బ్లాక్‌బోర్డ్‌పై $x+y$ మరియు $|x-y|$ నెంబర్లలో ఒకదాన్ని వ్రాస్తారు. క్రీడ కింది వాటిలో ఒకటి నిజం అయినప్పుడు ముగుస్తుంది: $(1)$బ్లాక్ బోర్డు మీద ఉన్న సంఖ్యలలో ఒకటి అన్ని ఇతర సంఖ్యల మొత్తం కంటే పెద్దది;; $(2)$ బ్లాక్‌బోర్డ్‌పై కేవలం సున్నాలు మాత్రమే ఉంటాయి. అప్పుడు క్రీడాకారుడు $B$ బ్లాక్‌బోర్డ్‌పై ఉన్న సంఖ్యల మొత్తం విలువకు సమానం  కుక్కీలు క్రీడాకారుడి $A$ కు ఇవ్వాలి. క్రీడాకారుడు $A$ ఎక్కువ కుక్కీలు పొందాలని కోరుకుంటాడు, మరియు క్రీడాకారుడు $B$ చాలా తక్కువ ఇవ్వాలని కోరుకుంటాడు. ఇద్దరు ఆటగాళ్ళు ఉత్తమంగా ఆడినప్పుడు $A$ పొందే కుక్కీల సంఖ్యను కనుగొనండి.	7
బాత్ బ్యాంకు ఒక వైపు $H$, మరొక వైపు $T$ గల నాణేలు జారీ చేస్తుంది. హ్యారీ $n$ నాణేములను ఎడమ నుండి కుడికి ఒక వరుస లో అమర్చారు. అతను పదేపదే ఈ క్రింది ప్రక్రియను చేస్తాడు: సరిగ్గా $k > 0$ నాణేలు $H$ ను చూపిస్తే, అప్పుడు అతను ఎడమ వైపు నుండి $k$వ నాణెమును వెనకకు తిప్పుతాడు; లేకపోతే, అన్ని నాణేలు $T$ని చూపిస్తాయి, అతను ప్రక్రియను నిలిపివేస్తాడు. ఉదాహరణకు, $n=3$ అనుకుంటే $THT$ అనే అమరికతో ప్రారంభించబడిన ప్రక్రియ $THT \to HHT  \to HTT \to TTT$, మూడు ప్రక్రియల తర్వాత ముగుస్తుంది. (ఎ) ప్రతి ప్రారంభ అమరిక కోసం, హ్యారీ నియమిత సంఖ్యలో ప్రక్రియల తర్వాత నిలిపివేస్తాడు. (బి) ప్రతి ప్రారంభ అమరిక $C$, హ్యారీ $L(C)$ ప్రక్రియల తర్వాత నిలిపివేస్తాడు అనుకోండి. ఉదాహరణకు, $L(THT) = 3$ మరియు $L(TTT) = 0$. $C$ ప్రారంభ అమరికతో సాధ్యమగు $2^n$ ప్రక్రియల $L(C)$ యొక్క సగటు విలువను నిర్ణయించండి.	$\frac{n(n+1)}{4}$
ఏదైనా రెండు భిన్నమైన వాస్తవ సంఖ్యల కోసం $x$ మరియు $y$, $D(x,y)$ అనేది ఒక ప్రత్యేక పూర్ణాంకం $d$, ఇది $2^d\le |x-y| < 2^{d+1}$ ని తృప్తి పరుస్తుంది. ఇచ్చిన $\mathcal F$ వాస్తవ సంఖ్యల సమితి, మరియు $x\in \mathcal F$ అనే అంశము, $\mathcal F$ లోని $x$ యొక్క స్కేల్స్ $x\neq y$ తో $y\in\mathcal F$ కు $D(x,y)$ విలువలు అని మనం చెబుతాము. ఇచ్చిన $k$ అనేది ఒక ధనాత్మక పూర్ణాంకం అనుకోండి. $\mathcal F$ లోని ప్రతి సఅంశము $x$ $\mathcal F$ లో గరిష్టంగా $k$ వేర్వేరు స్కేల్‌లను కలిగి ఉన్నారని అనుకుందాం (ఈ స్కేల్‌లు $x$పై ఆధారపడి ఉండవచ్చని గమనించండి). $\mathcal F$ యొక్క గరిష్ట పరిమాణం ఎంత?	$2^k$
$a_0,a_1,a_2,\dots $ అనే శ్రేణి వాస్తవ సంఖ్యల క్రమం $a_0=0, a_1=1,$ మరియు ప్రతి $n\geq 2$ గా $1 \leq k \leq n$ ఉన్నప్పుడు \[ a_n=\frac{a_{n-1}+\dots + a_{n-k}}{k}. \] సంతృప్తి పరుస్తుంది. $a_{2018}-a_{2017}$ యొక్క గరిష్ట విలువను కనుగొనండి.	$\frac{2016}{2017^2}$
$q$ ఒక వాస్తవ సంఖ్య అనుకుందాం. గుగు వద్ద ఒక నాప్కిన్ ఉంది, దానిపై పది విభిన్న వాస్తవ సంఖ్యలు రాయబడి ఉన్నాయి, మరియు అతను బ్లాక్‌బోర్డ్‌పై కింది మూడు వరుసల వాస్తవ సంఖ్యలను రాస్తాడు: మొదటి వరుసలో, గుగు $a-b$, రూపంలో ఉన్న ప్రతి సంఖ్యను రాస్తాడు, ఇక్కడ $a$ మరియు $b$ అనేవి అతని నాప్కిన్‌పై ఉన్న రెండు (తప్పనిసరిగా విభిన్నంగా ఉండని) సంఖ్యలు. రెండవ వరుసలో, గుగు $qab$ రూపంలో ఉన్న ప్రతి సంఖ్యను రాస్తాడు, ఇక్కడ $a$ మరియు $b$ అనేవి మొదటి వరుస నుండి తీసుకున్న రెండు (తప్పనిసరిగా విభిన్నంగా ఉండని) సంఖ్యలు. మూడవ వరుసలో, గుగు $a^2+b^2-c^2-d^2$ రూపంలో ఉన్న ప్రతి సంఖ్యను రాస్తాడు, ఇక్కడ $a, b, c, d$ అనేవి మొదటి వరుస నుండి తీసుకున్న నాలుగు (తప్పనిసరిగా విభిన్నంగా ఉండని) సంఖ్యలు. గుగు నాప్కిన్‌పై ఉన్న సంఖ్యలతో సంబంధం లేకుండా, రెండవ వరుసలోని ప్రతి సంఖ్య మూడవ వరుసలోని సంఖ్యగా ఉండేలా $q$ యొక్క అన్ని విలువలను నిర్ణయించండి.	${-2,0,2}$
కింది వాక్యానికి సరిపోయే అతి చిన్న స్థిరాంకం $C > 0$ ను కనుగొనండి: ఏవైనా ఐదు ధనాత్మక వాస్తవ సంఖ్యలు $a_1,a_2,a_3,a_4,a_5$ (తప్పనిసరిగా విభిన్నంగా ఉండనవసరం లేదు) ఉన్నప్పుడు, ఎల్లప్పుడూ విభిన్న సూచికలు $i,j,k,l$ ను ఎంచుకోవచ్చు అనేవిధంగా \[ \left| \frac{a_i}{a_j} - \frac {a_k}{a_l} \right| \le C. \].	$\frac{1}{2}$
బోర్డు పై $$(x-1)(x-2)\cdots(x-2016)=(x-1)(x-2)\cdots (x-2016)$$ సమీకరణం వ్రాయబడింది, మరియు ప్రతి పక్కన $2016$ రేఖీయ కారకాలు ఉన్నాయి.  ఈ $4032$ రేఖీయ కారకాలలో ఖచ్చితంగా $k$ ను తొలగించాలి, అందులో ప్రతి పక్కన కనీసం ఒక రేఖీయ కారకం మిగిలి ఉండాలి, మరియు ఫలితంగా సమీకరణానికి నిజ పరిష్కారాలు లేకుండా చేయాలి. $k$ యొక్క కనిష్ట విలువను కనుగొనండి.	2016
అతి పెద్ద వాస్తవ స్థిరాంకం $a$ ను కనుగొనండి, దీని ద్వారా ప్రతి $n \geq 1$ కోసం మరియు అన్ని వాస్తవ సంఖ్యలు $x_0, x_1, ... , x_n$ కోసం $0 = x_0 < x_1 < x_2 < \cdots < x_n$ ను సంతృప్తిపరిచే విధంగా, కింది వాక్యం నిజం అవుతుంది \[\frac{1}{x_1-x_0} + \frac{1}{x_2-x_1} + \dots + \frac{1}{x_n-x_{n-1}} \geq a \left( \frac{2}{x_1} + \frac{3}{x_2} + \dots + \frac{n+1}{x_n} \right)\].	$\frac{4}{9}$
$n \times n$ పట్టికలోని ప్రతి క్షేత్రాన్ని $I,M$ మరియు $O$ అక్షరాలతో నింపగలిగే పూర్ణాంకాల $n$ విలువలను కనుగొనండి, కింది నిబంధనలను పాటిస్తూ:  ప్రతి వరుస మరియు ప్రతి కాలమ్‌లో, మూడు వంతులు $I$, మూడు వంతులు $M$, మూడు వంతులు $O$ ఉండాలి. ఏ వికర్ణమైనా, దాని క్షేత్రాల సంఖ్య మూడు యొక్క గుణితమైనచో, అందులో మూడు వంతులు $I$, మూడు వంతులు $M$, మూడు వంతులు $O$ ఉండాలి.  గమనిక: $n \times n$ పట్టికలో వరుసలు మరియు కాలములు $1$ నుండి $n$ వరకు సంఖ్యలతో సూచించబడతాయి. కావున ప్రతి క్షేత్రం $(i,j)$ జంట ద్వారా సూచించబడుతుంది, ఇక్కడ $1 \le i,j \le n$. $n > 1$ ఉన్నప్పుడు, పట్టికలో $4n-2$ వికర్ణాలు రెండు రకాలుగా ఉంటాయి: మొదటి రకం వికర్ణాలు $(i,j)$ క్షేత్రాలతో ఉంటాయి, వీటిలో $i+j$ స్థిర సంఖ్య. రెండవ రకం వికర్ణాలు $(i,j)$ క్షేత్రాలతో ఉంటాయి, వీటిలో $i-j$ స్థిర సంఖ్య.	9
$n$ ఒక ధనాత్మక పూర్ణాంకం అనుకుందాం. కింది లక్షణాన్ని కలిగి ఉన్న అతి చిన్న ధనాత్మక పూర్ణాంకం $k$ను నిర్ణయించండి. $2n \times 2n$ బోర్డు మీద $k$ కణాలను గుర్తించడం సాధ్యం, అట్లు బోర్డును $1 \times 2$ and $2 \times 1$ డామినోలుగా ఒక ప్రత్యేకమైన విభజన చేయవచ్చు, వీటిలో ఏ డామినోలోనూ రెండు గుర్తించబడిన కణాలు ఉండవు.	$2n$
ధనాత్మక పూర్ణాంకాల సమితిని సామాన్య-మౌలిక-సంబంధిత అని అంటారు, ఒకవేళ అది కనీసం రెండు మూలకాలను కలిగి ఉంటే మరియు దాని ప్రతి మూలకం కనీసం ఒక ఇతర మూలకంతో ఒక మౌలిక కారణాంకాన్ని సామాన్యంగా కలిగి ఉంటే. $P(n)=n^2+n+1$ అనుకుందాం. అతి తక్కువ ధనాత్మక పూర్ణాంక విలువ $b$ ఏమిటి, అట్లు ఒక ఋణాత్మకం కాని పూర్ణాంకం $a$ ఉంటుంది, దానికోసం సమితి $$\{P(a+1),P(a+2),\ldots,P(a+b)\}$$ సామాన్య-మౌలిక-సంబంధిత అంటారు?	6
$n$ అనేది ఒక ధనాత్మక సంఖ్య. \[ \sum_{1 \le r < s \le 2n} (s-r-n)x_rx_s, \] యొక్క గరిష్ట విలువను కనుగొనండి, ఇక్కడ అన్ని $i = 1, \cdots , 2n$ కు $-1 \le x_i \le 1$.	$n(n-1)$
ధనాత్మక పూర్ణాంకాల పరిమిత సమితి $A$ కోసం, $A$ను రెండు వేర్వేరు ఖాళీ కాని ఉపసమితులు $A_1$ మరియు $A_2$గా విభజించడం అనేది $\textit{good}$ అని అంటారు, ఒకవేళ $A_1$లోని మూలకాల యొక్క కనిష్ఠ సామాన్య గుణిజం  $A_2$ లోని మూలకాల యొక్క గరిష్ఠ సామాన్య కారణాంకానికి సమానంగా ఉంటే $n$ యొక్క కనిష్ఠ విలువను నిర్ణయించండి, అట్లు $n$ ధనాత్మక పూర్ణాంకాల సమితి ఉంటుంది, దానికి సరిగ్గా $2015$ మంచి విభజనలు ఉంటాయి.	3024
$\mathbb{Z}_{ > 0}$ అనేది ధనాత్మక పూర్ణాంకాల సమితిని సూచిస్తుంది అనుకుందాం. ఏదైనా ధనాత్మక పూర్ణాంకం $k$ కోసం, ఒక ఫంక్షన్ $f: \mathbb{Z}_{ > 0} \to \mathbb{Z}_{ > 0}$ ను $k$ మంచిది అని అంటారు, ఒకవేళ అన్ని $m \neq n$ కోసం $\gcd(f(m) + n, f(n) + m) \le k$ అయితే $k$ అట్లు మంచి ఫలనం ఉండే అన్ని $k$ విలువలను కనుగొనండి.	$k \geq 2$
$n \ge 2$ ఒక పూర్ణ సంఖ్య. $n^2$ యూనిట్ చతురస్రాలతో కూడిన $n \times n$ చెస్‌బోర్డ్‌ను పరిగణించండి. ప్రతి అడ్డు వరుస మరియు ప్రతి కాలమ్‌లో సరిగ్గా ఒక రూక్ ఉంటే ఈ బోర్డులో $n$ రూక్స్ యొక్క కాన్ఫిగరేషన్ ప్రశాంతంగా ఉంటుంది. గొప్ప సానుకూల పూర్ణాంకం $k$ ను కనుగొనండి, అంటే $n$ రూక్స్ యొక్క ప్రతి ప్రశాంతమైన కాన్ఫిగరేషన్ కోసం, $k \times k$ చదరపు ఉంది, ఇది దాని $k^2$ యూనిట్ చతురస్రాల్లో దేనినైనా కలిగి ఉండదు.	$\left\lfloor \sqrt{n-1} \right\rfloor$
$p > 5$ ఉన్న అన్ని ప్రధాన సంక్యలను కనుగొనండి, దీనికోసం ఒక పూర్ణాంకం $a$ మరియు ఒక పూర్ణాంకం $r$ ఉంటాయి, $1\leq r\leq p-1$ ను సంతృప్తిపరిచే కింది లక్షణంతో: $1,\,a,\,a^2,\,\ldots,\,a^{p-5}$ ను పునర్వ్యవస్థీకరించి $b_0,\,b_1,\,b_2,\,\ldots,\,b_{p-5}$ అనే శ్రేణిని ఏర్పరచవచ్చు, అందులో $b_n-b_{n-1}-r$ $p$ ద్వారా భాగించబడుతుంది $1\leq n\leq p-5$ కోసం.	7
$c_0,\,c_1,\,c_2,\,\ldots$ అనే క్రమం ఈ విధంగా నిర్వచించబడినట్టు లేట్ చేయండి:  \[\frac{1-3x-\sqrt{1-14x+9x^2}}{4}=\sum_{k=0}^\infty c_kx^k\]  కార్యానికి తగినంత చిన్న $x$ కోసం. ఒక సానుకూల పరిమాణం $n$ కోసం, $A$ అనే $n$-బై-$n$ మాతృక యొక్క $i,j$-এట్రి $c_{i+j-1}$ తో $i$ మరియు $j$ $\{1,\,\ldots,\,n\}$లో కలిగి ఉంటాయి. $A$ యొక్క డిటెర్మినెంట్ కనుగొనండి.	$10^{\frac{n(n-1)}{2}}$
$n$ ఒక ధనాత్మక పూర్ణాంకం అనుకుందాం. $a_{n,0}=1$ అని సెట్ చేయండి. $k\geq 0$ కోసం, $m_{n,k}$ అనే పూర్ణాంకాన్ని సమితి $\{1,\,\ldots,\,n\}$ నుండి ఏకరీతిగా యాదృచ్ఛికంగా ఎంచుకోండి, మరియు \[a_{n,k+1}=\begin{cases} a_{n,k}+1, & \text{if $m_{n,k} > a_{n,k}$;}\ a_{n,k}, & \text{if $m_{n,k}=a_{n,k}$;}\ a_{n,k}-1, & \text{if $m_{n,k} < a_{n,k}$.}\end{cases}\]. $E(n)$ అనేది $a_{n,n}$ యొక్క ఆశించిన విలువ అనుకుందాం. $\lim_{n\to\infty}E(n)/n$ ను కనుగొనండి.	$\frac{1 - e^{-2}}{2}$
$f: \mathbb{R} \rightarrow \mathbb{R}$ మరియు $g: \mathbb{R} \rightarrow \mathbb{R}$ లను సంతృప్తిపరిచే విధంగా అతి చిన్న ధనాత్మక వాస్తవ సంఖ్య $r$ ను నిర్ణయించండి (a) $f(0) > 0$, (b) $g(0)=0$, (c) $\left|f^{\prime}(x)\right| \leq|g(x)|$ అన్ని $x$ లకు, (d) $\left|g^{\prime}(x)\right| \leq|f(x)|$ అన్ని $x$ లకు, మరియు (e) $f(r)=0$ కు.	$\frac{\pi}{2}$
ఒక పాసిటివ్ అర్ధంకల integer $k$ కు $f(k)$ అనేది $k$ యొక్క base 3 ప్రతినిధిలో ఉన్న ones యొక్క సంఖ్య. ఈ క్రింది సమీకరణం సంతృప్తి చెందనిచో అన్ని కాంప్లెక్స్ సంఖ్యలు $z$ కనుగొనండి $$\sum_{k=0}^{3^{1010}-1}(-2)^{f(k)}(z+k)^{2023}=0$$	$-\frac{3^{1010}-1}{2}$ and $-\frac{3^{1010}-1}{2} \pm \frac{\sqrt{9^{1010}-1}}{4}i$
ఒక అశూన్య పూర్ణాంకం $n$ మరియు వాస్తవ సంఖ్యల యొక్క కఠినంగా ఆరోహణ శ్రేణి $t_0, t_1, \ldots, t_n$ కోసం, $f(t)$ అనేది $t \geq t_0$ కోసం నిర్వచించబడిన సంబంధిత వాస్తవ-విలువ ఫలనం అనుకుందాం, ఇది కింది లక్షణాలను కలిగి ఉంది: (a) $f(t)$ అనేది $t \geq t_0$ కోసం నిరంతరమైనది, మరియు  $t > t_0$ కోసం $t_1, \ldots, t_n$ తప్ప మిగిలిన అన్ని వద్ద రెండుసార్లు భేదకారమైనది; (b) $f\left(t_0\right)=1 / 2$; (c)$\lim _{t \rightarrow t_k^{+}} f^{\prime}(t)=0$  అనేది $0 \leq k \leq n$ కోసం; d)$0 \leq k \leq n-1$ కోసం, $f^{\prime \prime}(t)=k+1$ ఉన్నప్పుడు $t_k < t < t_{k+1}$, మరియు  $t > t_n$ ఉన్నప్పుడు $f^{\prime \prime}(t)=n+1$. $n$ మరియు $t_0, t_1, \ldots, t_n$ యొక్క అన్ని ఎంపికలను పరిగణనలోకి తీసుకుంటూ, అట్లు $t_k \geq t_{k-1}+1$ అనేది $1 \leq k \leq n$ కోసం నిజమవుతుంది, $f\left(t_0+T\right)=2023$ అయ్యేందుకు $T$ యొక్క కనిష్ఠ సాధ్యమైన విలువ ఎంత?	29
$n\geq 2.$ ఉన్న పూర్తి సంఖ్యను $n$ అనుకుందాం. $n,$ స్థాయికి చెందిన అన్ని నిజ బహుపదనముల $p(x)$ లో, $p(x)^2?$ లోని ప్రతికూల గుణకాల గరిష్ట సంఖ్య ఎంత?	$2n-2$
$0 \leq p \leq 1/2,$ కొరకు, $X_1, X_2, \ldots$ అనేవి స్వతంత్ర యాదృచ్ఛిక చరరాశి కావనిద్దాం, $$X_i=\begin{cases} 1 & \text{with probability } p, \-1 & \text{with probability } p, \0 & \text{with probability } 1-2p, \end{cases} $$ అప్పుడు ప్రతి $i \geq 1.$ ఒక సానుకూల పూర్ణాంక $n$ మరియు పూర్ణ సంఖ్యలు $b,a_1, \ldots, a_n,$ $P(b, a_1, \ldots, a_n)$ సంభావ్యతను సూచించండి $a_1X_1+ \ldots + a_nX_n=b.$  ఏ విలువలకు $p$ $$P(0, a_1, \ldots, a_n) \geq P(b, a_1, \ldots, a_n)$$ అన్ని సానుకూల పూర్ణాంక $n$  మరియు అన్ని పూర్ణ సంఖ్యలు $b, a_1,\ldots, a_n?$	$p \leq \frac{1}{4}$
ఒక తాగుడు పురుగులు కాబిందిని, సమన్వయ సమతలంలోని మూలంలో ప్రారంభమవుతోంది మరియు క్రమం వారీగా చిక్కులు చేస్తుంది. ప్రతి చిక్కు పొడవు $5$, మరియు ప్రతి చిక్కు తర్వాత తాగుడు పురుగులు ఒక బిందువులో ఉంటుంది, అయితే ఆ బిందువులో రెండు కోఆర్డినేట్లు రెండూ పూర్తి సంఖ్యల్లో ఉంటాయి; కాబట్టి మొదటి చిక్కు తర్వాత తాగుడు పురుగులు $12$ సాధ్యమైన స్థానాలన్నీ సమాధానమైనవి. తాగుడు పురుగులకు పాయింట్ $(2021,2021)$ చేరడానికి అవసరమైన చిక్కుల నమ్మినంత చిన్న సంఖ్య ఏది?	578
ప్రతి ధనాత్మక అసలు సంఖ్య $x$ కొరకు,  \[g(x)=\lim_{r\to 0}  ((x+1)^{r+1}-x^{r+1})^{\frac{1}{r}}.\] అని నిర్వచిద్దాం. $\lim_{x\to \infty}\frac{g(x)}{x}$ ని కనుగొనండి.	$e$
\[I(R)=\iint\limits_{x^2+y^2 \le R^2}\left(\frac{1+2x^2}{1+x^4+6x^2y^2+y^4}-\frac{1+y^2}{2+x^4+y^4}\right) dx dy.\]పరిగణించండి. కనుగొనండి \[\lim_{R \to \infty}I(R),\]	$\frac{\pi \ln 2}{\sqrt{2}}$
ఒక సమతలాన్ని యూనిట్ చదరాల అనంత చెక్కర్‌బోర్డ్ టైలింగ్‌తో ఆకృతీకరించామని భావించండి. ఒక యూనిట్ చదరం, స్థానము మరియు దిశ చెక్కర్‌బోర్డ్ టైలింగ్‌తో స్వతంత్రంగా యాదృచ్ఛికంగా పడవేయబడినట్లయితే, ఆ యూనిట్ చదరం చెక్కర్‌బోర్డ్ యొక్క ఏ మూలలనూ కప్పకపోయే అవకాశాన్ని కనుగొనండి.	$2 - \frac{6}{\pi}$
ధనగత సంపూర్ణ సంఖ్య $N$ కోసం, $f_N$ అనే ఫంక్షన్‌ను క్రిందిలా నిర్వచించండి\[ f_N (x)=\sum_{n=0}^N rac{N+1/2-n}{(N+1)(2n+1)} \sin\left((2n+1)x \right). \]సమస్త $N$ కి మరియు అన్ని నిజమైన $x$ కి $f_N (x)\le M$ అయిన విధంగా ఉండే అతి తక్కువ స్థిరాంకం $M$ ను కనుగొనండి.	$\frac{\pi}{4}$
$n$ ఒక సానుకూల పూర్ణాంక మరియు $V_n$ ని $(2n+1)$-tuples $\mathbf{v}=(s_0,s_1,\cdots,s_{2n-1},s_{2n})$ కోసం $s_0=s_{2n}=0$ మరియు $|s_j-s_{j-1}|=1$ ప్రతి $j=1,2,\cdots,2n$.  \[q(\mathbf{v})=1+\sum_{j=1}^{2n-1}3^{s_j},\] నిర్వచించు మరియు $M(n)$ సగటు $\frac{1}{q(\mathbf{v})}$ అన్నింటికంటే మించి $\mathbf{v}\in V_n$. అంచనా వేయండి $M(2020)$.	$\frac{1}{4040}$
$\mathbb Z^2$ ను సమతలంలోని అన్ని $(x,y)$ బిందువుల సమితిగా నిర్వచిద్దాం, ఇవి పూర్తిసంఖ్య గల నిర్దేశాంకాలను కలిగి ఉంటాయి. ప్రతి పూర్తి సంఖ్య $n\geq 0$ కి, $P_n$ అనేది $\mathbb{Z}^2$ యొక్క ఉపసమితి, ఇది $(0,0)$ బిందువుతో పాటు $x^2+y^2=2^k$ అనే సమీకరణాన్ని పూర్తిచేసే అన్ని బిందువులను కలిగి ఉంటుంది, ఇక్కడ $k\leq n$ అనే షరతును అనుసరించే ఒక పూర్తి సంఖ్య $k$ ఉంటుంది. $n$ విలువ ఆధారంగా, $P_n$ లోని బిందువులను ఉపయోగించి నిర్మించగల చదరపు యొక్క శిఖరాలుగా ఉండే నాలుగు బిందువుల ఉపసమితుల సంఖ్యను నిర్ధారించండి.	$5n+1$
$n\ge 1$, అయిన ప్రతి $a_n=\sum_{k=1}^{n-1}\frac{\sin(\frac{(2k-1)\pi}{2n})}{\cos^2(\frac{(k-1)\pi}{2n})\cos^2(\frac{k\pi}{2n})}$ పరిగణించండి. $\lim_{n\rightarrow \infty}\frac{a_n}{n^3}$ ని కనుగొనండి.	$\frac{8}{\pi^3}$
నిజమైన సంఖ్యలు $x_1, x_2, \dots, x_{10}$ కొరకు, $\sum_{i = 1}^{10} \cos(x_i) = 0$ ప్రమాణాన్ని తీరుస్తున్న పరిస్థితిలో, $\sum_{i = 1}^{10} \cos(3x_i)$ కు గరిష్టమైన విలువను నిర్ణయించండి.	$\frac{480}{49}$
$n$ ఒకేసారి $2^n$, $n-1$ భాగించే $2^n - 1$ ని భాగించే మరియు $n-2$ భాగించే $2^n - 2$ ని అన్ని సానుకూల పూర్ణాంకలు $n < 10^{100}$ ని కనుగొనండి.	$2^{2^l}$ for $l=1,2,4,8$
ఒక సాధారణ ఇకోసాహెడ్రాన్ (icosahedron) లోని $30$ అంచులు $1,2,\dots,30.$ గా లేబుల్ చేయబడ్డాయి. ఇకోసాహెడ్రాన్ యొక్క 20 త్రిభుజ ముఖాలను ఇలా రంగు చేయడానికి ఎన్ని విధులు ఉన్నాయో కనుగొనండి: ప్రతి ముఖంలో రెండు అంచులు ఒకే రంగులో ఉండాలి (red, white, లేదా blue) మరియు మూడవ అంచు భిన్నమైన రంగులో ఉండాలి.	$2^{20}3^{10}$
ఒక సానుకూల పూర్ణాంకం $N$ ను \[N=a+(a+1)+(a+2)+\cdots+(a+k-1)\] రూపంలో, $k=2017$ అయినప్పుడు మాత్రమే, కానీ $k > 1.$ అయిన ఇతర పూర్ణాంకం విలువలకు ఈ రూపంలో వ్యక్తీకరించలేకపోతే, ఈ లక్షణాన్ని కలిగి ఉన్న అన్ని $k$ సానుకూల పూర్ణాంకాల $N$ ను పరిగణనలోకి తీసుకుంటే, ఈ వ్యక్తీకరణలలో కనిపించే అతి చిన్న సానుకూల పూర్ణాంకం $a$ ఎంత?	16
త్రిభుజం $T$ యొక్క సమతలంలో ఉన్న ఒక గీతను సమైక్యత రెఖ అంటారు, ఇది $T$ ను రెండు సమాన క్షేత్రఫలం మరియు సమాన పరిధి గల భాగాలుగా విభజిస్తుంది. $a > b>c,$ వంటి సానుకూల మొత్త సంఖ్యలను కనుగొనండి, ఇక్కడ $a$ వీలైనంత చిన్నదిగా ఉండాలి, అప్పుడు $a,b,c$ పరిమాణాలతో ఉన్న ఒక త్రిభుజం ఉండేలా చూడండి, ఇది ఖచ్చితంగా రెండు వేరియైన సమైక్యత రెఖలు కలిగి ఉండాలి.	$(a,b,c)=(9,8,7)$
క్రమిత $64$-tuples $\ మొత్తం సంఖ్యను కనుగొనండి ఇందులో $\{x_0,x_1,\dots,x_{63}\}$ సమితి $x_0,x_1,\dots,x_{63}$ విభిన్న అంశాలు $\{1,2,\dots,2017\}$ మరియు   \[x_0+x_1+2x_2+3x_3+\cdots+63x_{63}\] తో   భాగించదగిన $2017.$	$\frac{2016!}{1953!}-2016\cdot 63!$
పూర్ణాంకం గుణాంకాలున్న ప్రతి బహుపద గణిత ప్రకరణం $p(x)$ మరియు ప్రతి పూర్ణాంకం $k,$ కొరకు, \[p^{(j)}(k)=\left. \frac{d^j}{dx^j}p(x) \right|_{x=k}\]($p(x)$ యొక్క $j$-వ డెరివేటివ్ $k$ వద్ద) $2016.$ తో పూర్తిగా భాగించబడాలంటే, అతి చిన్న ధనాత్మక పూర్ణాంకం $j$ కనుగొనండి.	8
ప్రతి సానుకూల పరిమాణం $P(x)$ యొక్క మూడవ డిగ్రీ పోలినామియల్‌కు $3$ మధ్య ఒక మూలం ఉండేలా, $[0,1],$\[\int_0^1|P(x)|\,dx\le C\max_{x\in[0,1]}|P(x)|.\] ఉండగా, $C$ యొక్క కనిష్ఠ స్థిరాంకాన్ని కనుగొనండి.	$\frac{5}{6}$
$A$ అనేది ఒక $2n\times 2n$ మ్యాట్రిక్స్, ఇందులో ప్రతి ఎంట్రీ స్వతంత్రంగా యాదృచ్ఛికంగా ఎంచబడుతుంది. ప్రతి ఎంట్రీ  $0$ లేదా $1,$ గా ఉండే అవకాశ్యం $1/2.$ అటువంటి ఉంటుంది. $\det(A-A^t)$ యొక్క నిరీక్షిత విలువను కనుగొనండి (ఇది $n$ కు ఫంక్షన్‌గా ఉంటుంది), ఇక్కడ $A^t$ అనేది $A.$ యొక్క ట్రాన్స్పోజ్.	$\frac{(2n)!}{4^nn!}$
ఈ క్రింది ప్రశ్నను అంచనా వేయండి  \[\sum_{k=1}^{\infty}\frac{(-1)^{k-1}}{k}\sum_{n=0}^{\infty}\frac{1}{k2^n+1}.\]	1
దీనిని గణించండి: \[\log_2\left(\prod_{a=1}^{2015}\prod_{b=1}^{2015}\left(1+e^{2\pi iab/2015}\right)\right)\] ఇక్కడ $i$ అనేది ఊహాత్మక యూనిట్ (అంటే, $i^2=-1$).	13725
$T$ అనేది అన్ని$(a,b,c)$ భుజాల పొడవు కలిగిన త్రిభుజాలు ఉన్న సానుకూల పూర్ణాంకల యొక్క అన్ని త్రిభుజాల $a,b,c.$ సమితి అని అనుకుందాం. \[\sum_{(a,b,c)\in T}\frac{2^a}{3^b5^c}\] లో అతి తక్కువ పదాలలో అకరణీయ సంఖ్యగా వ్యక్తపరచండి.	$\frac{17}{21}$
$P_n$ అనేది $\{1,2,\dots,n\}$ యొక్క $\pi$ ప్రస్తారణలు సంఖ్య అని అనుకుందాం, తద్వారా \[|i-j|=1\text{ implies }|\pi(i)-\pi(j)|\le 2\] అన్ని $i,j$ లో $\{1,2,\dots,n\}.$ సూచిస్తు $n\ge 2,$ పరిమాణం \[P_{n+5}-P_{n+4}-P_{n+3}+P_n\] ఆధారపడదని $n,$ చూపించి దాని విలువను కనుగొనండి.	4
ప్రతి సానుకూల పూర్ణాంకం $k,$ కోసం, $\left[1,\sqrt{2k}\right).$ మధ్యవర్తి విభాగంలో $k$ కి విశేష గుణకాలు ఉన్న సంఖ్యలను $A(k)$ అని ఉంచండి. గణించండి:\[\sum_{k=1}^{\infty}(-1)^{k-1}\frac{A(k)}k.\]	$\frac{\pi^2}{16}$
అన్ని సానుకూల పూర్ణాంక $n \in \mathbb{N}_+$ కోసం, కనిష్ఠ$\lambda \in \mathbb{R}$ విలువను కనుగొనండి, అందులో ప్రతి  $x_1, x_2, \ldots, x_n$ ఉండేలా$n = x_1 x_2 \ldots x_{2023}$,  అక్కడ ప్రతి $x_i$ ఒక ప్రధాన సంఖ్య  లేదా  సానుకూల పూర్ణాంక $n^\lambda$ కంటే ఎక్కువ కాకూడదు అన్ని $i \in \left\{ 1,2, \ldots, 2023 \right\}$ కొరకు.	$\frac{1}{1012}$
ఏదైనా ధన సంఖ్య $n $ మరియు ఏదైనా నిజ సంఖ్యలు $x_1,x_2,\dots,x_n.$ కోసం ఈ సమీకరణను సంతృప్తిపరచే అతిపెద్ద నిజ సంఖ్య $c$ ను కనుగొనండి: $$\sum_{i=1}^{n}\sum_{j=1}^{n}(n-|i-j|)x_ix_j \geq c\sum_{j=1}^{n}x^2_i$$	$\frac{1}{2}$
$p \geqslant 5$ ను ప్రధాన సంఖ్య గా మరియు $S = \left\{ 1, 2, \ldots, p \right\}$ గా భావించండి. $r(x,y)$ ను ఈ క్రింది విధంగా నిర్వచించండి:\[ r(x,y) = \begin{cases} y - x & y \geqslant x \ y - x + p & y < x \end{cases}.\] $S$ యొక్క ఖాళీ కాని సరైన ఉపసమితి $A$ కోసం, let$$f(A) = \sum_{x \in A} \sum_{y \in A} \left( r(x,y) \right)^2.$$ $S$ యొక్క మంచి ఉపసమితి అనేది ఖాళీ కాని సరైన ఉపసమిత $A$, ఇది అన్ని ఉపసమితులకు subsets $B \subseteq S$, $A$, $f(B) \geqslant f(A)$ వలె ఒకే పరిమాణంలో ఉంటుంది. subsets $A_1 \subseteq A_2 \subseteq \ldots \subseteq A_L$ ఉండేలా అతిపెద్ద పూర్ణాంకం $L$ ను కనుగొనండి.	$2[\log_2(p+1)]$
$P$ ని రెగ్యులర్ $99$-gon గా భావించండి. ప్రతి పూర్ణాంకం సరిగ్గా ఒకసారి కనిపించేలా $1$ మరియు $99$ మధ్య పూర్ణాంకాలను $P$ యొక్క శీర్షాలకు కేటాయించండి. (భ్రమణంలో రెండు అసైన్‌మెంట్‌లు సమానంగా ఉంటే, వాటిని ఒకే విధంగా పరిగణించండి. ) ఆపరేషన్ అంటే $P$ యొక్క ప్రక్కనే ఉన్న శీర్షాల జతకు కేటాయించిన పూర్ణాంకాల స్వాప్. $n$ కంటే ఎక్కువ ఆపరేషన్‌లు లేకుండా ఇచ్చిన దాని నుండి ప్రతి ఇతర అసైన్‌మెంట్‌ను సాధించగలిగేలా అతి చిన్న పూర్ణాంకం $n$ ను కనుగొనండి.	2401
గణితంలో కనిష్ట ధనాత్మక పూర్ణాంకం $n\ge 3$ ను కనుగొనండి, తద్వారా $n$ పాయింట్లు $A_1,A_2,\cdots, A_n$ మూడు పాయింట్లు సరళరేఖ కావు మరియు ఏదైనా $1\le i\le n$ కోసం, $1\le j \le n (j\neq i)$ ఉంటుంది, సెగ్మెంట్ $A_jA_{j+1}$ సెగ్మెంట్ $A_iA_{i+1}$ మధ్య బిందువు గుండా వెళుతుంది, ఇక్కడ $A_{n+1}=A_1$.	6
కింది లక్షణంతో అతిపెద్ద వాస్తవ సంఖ్య $\lambda$ ను కనుగొనండి: ఏదైనా ధనాత్మక వాస్తవ సంఖ్యలు $p,q,r,s$ కోసం $z=a+bi$($a,b\in \mathbb{R})$ అనే సంక్లిష్ట సంఖ్య ఉంటుంది, అంటే $$ |b|\ge \lambda |a| \quad \text{and} \quad (pz^3+2qz^2+2rz+s) \cdot (qz^3+2pz^2+2sz+r) =0.$$	$\sqrt{3}$
$6$ సంఖ్యల సమూహం $X$ ఉండేలా అన్ని సానుకూల సంఖ్యలను $a$ కనుగొనండి, ఈ కింది షరతులు అనుగుణంగా ఉంటాయి: ప్రతి $k=1,2,\ldots ,36$ కోసం $x,y\in X$ ఉండేలా $ax+y-k$ సంఖ్య $37$ తో భాగించబడతుంది.	$a \equiv \pm6 \pmod{37}$
$S$ ని $|S|=35$ సమితిగా భావించండి. $S$ నుండి దానికదే మ్యాపింగ్ చేసే $F$ సమితిని సంతృప్తికరమైన ఆస్తి $P(k)$ అంటారు, ఏదైనా $x,y\in S$ కి, $f_1, \cdots, f_k \in F$ (తప్పనిసరిగా భిన్నంగా లేదు) ఉంటే, అంటే $f_k(f_{k-1}(\cdots (f_1(x))))=f_k(f_{k-1}(\cdots (f_1(y))))$. $F$ $P(2019)$ ని సంతృప్తిపరిస్తే, అది కూడా $P(m)$ ని సంతృప్తిపరిచే విధంగా కనీస ధనాత్మక పూర్ణాంకం $m$ ని కనుగొనండి.	595
ఒక $n\times n$ బోర్డు ఇచ్చినది, దీనిలో ప్రతి గడిలో ఒక పూర్ణాంకం రాయబడి ఉంది. ప్రతి కదలిక కోసం, నేను ఏదైనా గడిని ఎంచుకోవచ్చు, మరియు దాని వరుసలో మరియు నిలువు వరుసలో ఉన్న మొత్తం $2n-1$ సంఖ్యలకు $1$ ని జోడించవచ్చు.అతిపెద్ద $N(n)$ ను కనుగొనండి, అట్లు ఏదైనా ప్రారంభ పూర్ణాంకాల ఎంపిక కోసం, నేను పరిమిత సంఖ్యలో కదలికలు చేయగలను, తద్వారా బోర్డు మీద కనీసం  $N(n)$ సరి సంఖ్యలు ఉంటాయి.	$n^2 - n + 1$
$n \geq 3$ ఒక బెరుకు సంఖ్యగా ఉంచుదాం మరియు ఒక $n \times n$ చెస్‌బోర్డులో ప్రతి చతురస్రం నలుపు లేదా తెలుపు రంగులో రంగులై ఉంటుంది. రెండు చతురస్రాలను ఒకే రంగులో ఉండి, ఒకే త్రికోణాన్ని పంచుకుంటే సమీపమైనవిగా పరిగణిస్తారు. చతురస్రాలు $a,b$ అనుసంధానమైనవిగా పరిగణించబడతాయి, ఒక $c_1,\ldots,c_k$ అనే చతురస్రాల శ్రేణి ఉంటే, దీని ద్వారా $c_1 = a, c_k = b$ మరియు $c_i, c_{i+1}$ ప్రతి $i=1,2,\ldots,k-1$ కొరకు సమీపమైనవిగా ఉంటాయి. $M$ యొక్క గరిష్ఠ విలువను కనుగొనండి, అటువంటి రంగుద్దానం ఉండేలా, $M$ చతురస్రాలు ఒకదానికొకటి అనుసంధానించబడకుండా ఉంటాయి.	$\frac{(n+1)^2}{4} + 1$
$n \geq 5$ అనేది ధనాత్మక పూర్ణాంకం అని మరియు $A$ మరియు $B$ ఈ క్రింది షరతులను సంతృప్తిపరిచే పూర్ణాంకాల సమితులు అని అనుకుందాం: i) $|A| = n$, $|B| = m$ మరియు $A$ అనేది $B$ యొక్క ఉపసమితి ii) ఏదైనా విభిన్న $x,y \in B$, $x+y \in B$ iff $x,y \in A$ కోసం $m$ యొక్క కనిష్ట విలువను నిర్ణయించండి.	$3n-3$
అన్ని పూర్ణాంకాలు $k$ ను నిర్ణయించండి, అట్లు అనంతంగా అనేక ధనాత్మక పూర్ణాంకాలు $n$ ఉంటాయి, ఇవి కింది వాటిని సంతృప్తిపరచవు: \[n+k |\binom{2n}{n}\].	$k \neq 1, k \in \mathbb{Z}$
$30$ విద్యార్థులు ఇచ్చినవి, అట్లు ప్రతి విద్యార్థికి గరిష్ఠంగా $5$ స్నేహితులు ఉంటారు మరియు ప్రతి $5$ విద్యార్థులకు ఒక జత విద్యార్థులు ఉంటారు, వారు స్నేహితులు కాదు. గరిష్ఠ $k$ను నిర్ణయించండి, అట్లు అన్ని సాధ్యమైన సంరచనల కోసం, $k$ విద్యార్థులు ఉంటారు, వారందరూ స్నేహితులు కాదు.	6
$p$ ను ప్రధాన సంఖ్యగా భావించండి. ${\{1,2,\ldots ,p^2} \}$ లోని సంఖ్యలను $p \times p$ మాత్రికగా అమర్చుదాం $A = ( a_{ij} )$. తరువాత మనం ఏదైనా అడ్డు వరుస లేదా నిలువు వరుసను ఎంచుకుని దానిలోని ప్రతి సంఖ్యకు $1$ జోడించవచ్చు లేదా దానిలోని ప్రతి సంఖ్య నుండి $1$ తీసివేయవచ్చు. పరిమిత సంఖ్యలో అటువంటి కదలికలలో మాతృకలోని ప్రతి సంఖ్యను $0$ కు మార్చగలిగితే మనం ఆ అమరికను మంచి అమరిక అని పిలుస్తాము. ఎన్ని మంచి అమరికలు ఉన్నాయి?	$2(p!)^2$
$f(x)=(x + a)(x + b)$ ఇక్కడ $a,b > 0$ అని అనుకుందాం. $x_1+x_2+\ldots +x_n =1$ ని సంతృప్తిపరిచే ఏదైనా వాస్తవాల $x_1,x_2,\ldots ,x_n\geqslant 0$ కోసం, గరిష్టంగా $F=\sum\limits_{1 \leqslant i < j \leqslant n} {\min \left\{ {f({x_i}),f({x_j})} \right\}} $ ను కనుగొనండి.	$\frac{n-1}{2} \left( \frac{1}{n} + a + b + nab \right)$
చిన్నతమ సానుకూల పూర్తిసంఖ్య $k$ ని కనుగొనండి, ώστε $S=\{1,2,\ldots,2012\}$ యొక్క ఏదైనా ఉపసమితి $A$ కి, $|A|=k$ ఉన్నప్పుడు, $A$ లో మూడు విభిన్న మూలకాలు $x,y,z$ ఉండి, అవి $x=a+b$, $y=b+c$, $z=c+a$ ను సంతృప్తిపరచాలి, ఇక్కడ $a,b,c$ లు $S$ లోని విభిన్న సంపూర్ణాంకాలు.	1008
$n$ అనేది ఇచ్చిన ధనాత్మక పూర్ణాంకం, $S=\{1,2,\cdots,n\}$ సెట్ అని భావించండి. ఏదైనా ఖాళీ కాని సెట్ $A$ మరియు $B$ కోసం, కనిష్టంగా $|A\Delta S|+|B\Delta S|+|C\Delta S|,$ కనుగొనండి, ఇక్కడ $C=\{a+b|a\in A,b\in B\}, X\Delta Y=X\cup Y-X\cap Y.$	$n+1$
$a_i,b_i,i=1,\cdots,n$ అనేవి రుణాత్మకం కాని సంఖ్యలు మరియు $n\ge 4$, అంటే $a_1+a_2+\cdots+a_n=b_1+b_2+\cdots+b_n > 0$ అని అనుకుందాం. గరిష్టంగా $\frac{\sum_{i=1}^n a_i(a_i+b_i)}{\sum_{i=1}^n b_i(a_i+b_i)}$ ను కనుగొనండి.	$n-1$
ధనాత్మక పూర్ణాంకాలు $k \ge 2$ మరియు $m$ తగినంత పెద్దవిగా ఇవ్వబడ్డాయి. $\mathcal{F}_m$ అనేది ఖచ్చితంగా $m$ 1లను కలిగి ఉన్న అన్ని (చతురస్రం కాదు) బైనరీ మాత్రికల యొక్క అనంత కుటుంబం అని అనుకుందాం. $f(m)$ ద్వారా గరిష్ట పూర్ణాంకం $L$ని సూచించండి, తద్వారా ప్రతి మాతృక $A \in \mathcal{F}_m$కి, ఎల్లప్పుడూ ఒకే పరిమాణంలో బైనరీ మాతృక $B$ ఉంటుంది, అంటే (1) $B$ కనీసం $L$ 1-ఎంట్రీలను కలిగి ఉంటుంది; (2) $B$ యొక్క ప్రతి ఎంట్రీ $A$ యొక్క సంబంధిత ఎంట్రీకి తక్కువ లేదా సమానంగా ఉంటుంది; (3) $B$ ఏ $k \times k$ all-1 సబ్‌మాట్రిక్స్‌ను కలిగి ఉండదు. \[\lim_{m \to \infty} \frac{\ln f(m)}{\ln m}\]	$\frac{k}{k+1}$
మనుకోండి $A$ $\mathbb{R}^d$ లోని ఒక పరిమిత ఉపసెట్ అని.  (a) $A$ లోని ప్రతి మూడు విభిన్నమైన బిందువులు, యూనిట్ దూరంలో ఖచ్చితంగా యూనిట్ దూరంలో ఉన్న రెండు బిందువులు కలిగి ఉంటాయి అని మరియు  (b) $A$ లోని ప్రతి బిందువు $v$ యొక్క యూక్లిడ్ నార్మ్ ఈ సమీకరణాన్ని ప遵守ాతుంన్తుంది:  \[\sqrt{\frac{1}{2}-\frac{1}{2\vert A\vert}} \le \|v\| \le \sqrt{\frac{1}{2}+\frac{1}{2\vert A\vert}}.\]  $A$ యొక్క కార్డినాలిటీ యొక్క గరిష్ట విలువను కనుగొనండి.	$2d+4$
$M(t)$ ఒక కొలవగల మరియు స్థానికంగా పరిమితమైన ఫలనం అనుకుందాం, అంటే \[M(t) \le C_{a,b}, \quad \forall 0 \le a \le t \le b < \infty\] కొన్ని స్థిరాంకం $C_{a,b}$తో, $[0,\infty)$ నుండి $[0,\infty)$ వరకు, అట్లు \[M(t) \le 1+\int_0^t M(t-s)(1+t)^{-1}s^{-1/2} ds, \quad \forall t \ge 0.\]. $t \ge 0$ ఉన్నప్పుడు $M(t)$ యొక్క గరిష్ఠ విలువను కనుగొనండి.	$10+2\sqrt{5}$
$M=\bigoplus_{i \in \mathbb{Z}} \mathbb{C}e_i$ అనేది అనంతం పరిమాణం $\mathbb{C}$- వెక్టర్ స్థలం అని అనుకుందాం, మరియు $\text{End}(M)$ అనేది $\mathbb{C}$-రేఖీయ ఎండోమార్ఫిజమ్స్ $\mathbb{C}$-బీజగణితాన్ని సూచిస్తుందని అనుకుందాం $M$. $\text{End}(M)$ లో $A$ మరియు $B$ అనేవి ఈ క్రింది షరతును సంతృప్తిపరిచే రెండు కమ్యూటింగ్ ఎలిమెంట్లుగా ఉండనివ్వండి: $m \le n < 0 < p \le q$ satisfying $\text{gcd}(-m,p)=\text{gcd}(-n,q)=1$, and such that for every $j \in \mathbb{Z}$, one has\[Ae_j=\sum_{i=j+m}^{j+n} a_{i,j}e_i, \quad \text{with } a_{i,j} \in \mathbb{C}, a_{j+m,j}a_{j+n,j} \ne 0,\]\[Be_j=\sum_{i=j+p}^{j+q} b_{i,j}e_i, \quad \text{with } b_{i,j} \in \mathbb{C}, b_{j+p,j}b_{j+q,j} \ne 0.\]Let $R \subset  \text{End}(M)$ be the $\mathbb{C}$-subalgebra generated by $A$ and $B$. Note that $R$ is commutative and $M$ can be regarded as an $R$-module. Let $K$ be the fractional field of $R$, $M \otimes_R K$ is a $h$-dimensional vector space over $K$. What is the value of $h$?	1
ఒక $n$-by-$n$ యూనిట్ చతురస్రాల బోర్డును పరిగణించండి, ఇక్కడ $n$ ఒక బేసి సానుకూల పూర్ణ సంఖ్య. ఒక సమూహం $C$ సమానమైన డొమినోలతో కూడి ఉంటే, $C$   బోర్డులో గరిష్ట గ్రిడ్-అలైన్ కాన్ఫిగరేషన్ అని పిలుస్తాము. ఇది $(n^2-1)/2$ డొమినోలతో ఉంటుంది, ఇందులో ప్రతి డొమినో రెండు పొరబడిన చతురస్రాలను కవర్ చేస్తుంది మరియు డొమినోలు ఒకదానితో ఒకటి మిళితం కావు. ఈ సమయంలో, $C$ బోర్డులో కేవలం ఒక చతురస్రం మినహా అన్ని చతురస్రాలను కవర్ చేస్తుంది. మనం ఒక డొమినోను (తిరగక, కేవలం నెట్టేలా) కదిలించేందుకు అనుమతించబడి ఉంటాం, తద్వారా అది మునుపటి కవర్ చేయబడని చతురస్రాన్ని కవర్ చేస్తుంది. దీని ఫలితంగా, కొత్త గరిష్ట గ్రిడ్-అలైన్ కాన్ఫిగరేషన్ ఏర్పడుతుంది, అయితే మరో చతురస్రం అన్‌కవర్డ్‌గా మిగిలిపోతుంది. $k(C)$ అనేది $C$ నుంచి డొమినోలను తరలించడం ద్వారా లభించగల గరిష్ట గ్రిడ్-అలైన్ కాన్ఫిగరేషన్ల సంఖ్యను సూచిస్తుంది. $k(C)$ యొక్క గరిష్ట విలువను $n$ యొక్క ప్రక్రియగా కనుగొనండి.	$(\frac{n+1}{2})^2$
$p-q$ మరియు $pq-q$ రెండూ పరిపూర్ణ చతురస్రాలు అయిన $(p, q)$ అనే అన్ని జతల పూర్ణాంకాలను కనుగొనండి.	$(3,2)$
నిరూపక తలంలో పరిమిత సమితి $S$ పాయింట్లను అధికంగా నిర్ణయించబడినవి అంటారు.$|S|\ge 2$ మరియు శూన్యం కాని బహుపది $P(t)$ ఉంటే, వాస్తవ గుణకాలు మరియు డిగ్రీ గరిష్టంగా $|S|-2$ ఉంటే, S$P(x)=y$ for every point $(x,y)\in S$ని సంతృప్తిపరిచే విధంగా ఉంటుంది. ప్రతి పూర్ణాంకం $n\ge 2$కి, అధికంగా నిర్ణయించబడినవి, కానీ $k$ అధికంగా నిర్ణయించబడిన ఉపసమితులను కలిగి ఉండే విధంగా గరిష్ట  పూర్ణాంకం $k$ని ($n$ పరంగా) కనుగొనండి.	$2^{n-1} - n$
$2xyz=x+y+z$ని సంతృప్తిపరిచే అన్ని సున్నా కాని వాస్తవ సంఖ్యల $x,y,z$ కోసం \[\frac{P(x)}{yz}+\frac{P(y)}{zx}+\frac{P(z)}{xy}=P(x-y)+P(y-z)+P(z-x)\] కలిగి ఉండే వాస్తవ గుణకాలతో ఉన్న అన్ని బహుపదులను $P$ కనుగొనండి.	$P(x)=c(x^2+3)$ for any constant $c$
$f:(0,\infty) \to (0,\infty)$ అనే అన్ని ఫంక్షన్‌లను కనుగొనండి, అంటే \[f\left(x+\frac{1}{y}\right)+f\left(y+\frac{1}{z}\right) + f\left(z+\frac{1}{x}\right) = 1\]అన్ని $x,y,z >0$ కోసం $xyz =1.$ తో.	$f(x) = \frac{k}{1+x} + \frac{1-k}{3} \left( -\frac{1}{2} \le k \le 1 \right)$
$\mathbf{Z}$ అన్ని పూర్ణాంకాల సమితిని సూచిస్తుందని అనుకుందాం. అన్ని వాస్తవ సంఖ్యలను $c > 0$ కనుగొనండి, తద్వారా లాటిస్ పాయింట్లు $( x, y ) \in \mathbf{Z}^2$ యొక్క లేబులింగ్ ఉంటుంది, దీని కోసం ధనాత్మక పూర్ణాంకాలతో: పరిమితమైన అనేక విభిన్న లేబుల్‌లు మాత్రమే సంభవిస్తాయి మరియు ప్రతి లేబుల్ $i$కి, $i$ అని లేబుల్ చేయబడిన ఏవైనా రెండు పాయింట్ల మధ్య దూరం కనీసం $c^i$.	$0 < c < \sqrt{2}$
$a,b,c,d,$ అనేవి రుణాత్మకం కాని వాస్తవ సంఖ్యలు కాబట్టి $a+b+c+d=4$ అని ఇచ్చిన \[\frac{a}{b^3+4}+\frac{b}{c^3+4}+\frac{c}{d^3+4}+\frac{d}{a^3+4},\] యొక్క కనిష్ట సాధ్యమైన విలువను కనుగొనండి.	$\frac{2}{3}$
$S = \{1, 2, ..., n\}$, ఇక్కడ $n \ge 1$ యొక్క $2^n$ ఉపసమితులలో ప్రతి ఉపసమితి ఎరుపు లేదా నీలం రంగుతో వర్ణించబడుతుంది. (ఉపసమితికి రంగు కేటాయించబడుతుంది, కానీ దాని వ్యక్తిగత అంశాలకు కాదు.)  ఏదైనా సమితి $T \subseteq S$ కు, $f(T)$ ను $T$  లోని నీలం రంగులో వర్ణించబడిన ఉపసమితుల సంఖ్యగా నిర్వచిస్తాము. కింది ప్రమాణాన్ని తీరుస్తూ ఉండే వర్ణీకరణల సంఖ్యను గణించండి: ఏ $T_1$ మరియు $T_2$ అనే ఉపసమితులకోసం, $S$,\[f(T_1)f(T_2) = f(T_1 \cup T_2)f(T_1 \cap T_2).\]	$1 + 3^n$
$\mathbb{Z}$ పదం పరిమాణాలు అమర్చుకుని, క్రింది విషయాలను తెలుగులో అనువదించండి.  $\mathbb{Z}$ పరిమాణాల సెట్ అని అనుకోండి. అన్ని ఫంక్షన్‌లు $f : \mathbb{Z} \rightarrow \mathbb{Z}$ కనుగొనండి, అలా\[xf(2f(y)-x)+y^2f(2x-f(y))=\frac{f(x)^2}{x}+f(yf(y))\] ప్రతి $x, y \in \mathbb{Z}$ సమూహాల్లో, $x \neq 0$ అని ఉండాలి.  భావంగా ఉండాలి.	$f(x)=0$ and $f(x)=x^2$
$k$ అనేది ధనాత్మక పూర్ణాంకం అనుకోండి.ఇద్దరు ఆటగాళ్ళు $A$ మరియు $B$ సాధారణ షడ్భుజాల అనంతమైన గ్రిడ్‌లో ఆట ఆడతారు. ప్రారంభంలో అన్ని గ్రిడ్ సెల్‌లు ఖాళీగా ఉంటాయి.అప్పుడు ఆటగాళ్ళు ప్రత్యామ్నాయంగా $A$ ముందుగా కదులుతూ మలుపులు తీసుకుంటారు.అతని కదలికలో,$A$ గ్రిడ్‌లో ఖాళీగా ఉన్న రెండు ప్రక్కనే ఉన్న షడ్భుజాలను ఎంచుకోవచ్చు మరియు రెండింటిలోనూ ఒక కౌంటర్‌ను ఉంచవచ్చు.అతని కదలికలో, $B$ బోర్డులోని ఏదైనా కౌంటర్‌ను ఎంచుకుని దానిని తీసివేయవచ్చు. ఎప్పుడైనా ఒక లైన్‌లో $k$ వరుస గ్రిడ్ సెల్‌లు ఉంటే, అవన్నీ కౌంటర్‌ను కలిగి ఉంటే, $A$ గెలుస్తుంది. పరిమిత సంఖ్యలో కదలికలలో $A$ గెలవలేని $k$ కనీస విలువను కనుగొనండి లేదా అలాంటి కనీస విలువ లేదని నిరూపించండి.	6
ఇంగ్లీష్ గణిత సమస్యను తెలుగులోకి అనువదించండి, గణిత పదజాలం సరిగ్గా అనువదించండి, మరియు సూత్ర బ్లాక్‌లను పగలగొట్టకుండా ఉంచండి. వాక్యాలు సాధ్యమైనంత స్పష్టంగా అనువదించండి, అవసరమైతే పదాల క్రమాన్ని సరిచూడండి:  $2010$ నుండి 2010 పాజిటివ్ (ధన) సంఖ్యలు $a_1, a_2, \ldots , a_{2010}$ అనవైయిన సూచీలు $i, j$ ఏవైనా $a_ia_j \le i+j$ సరిపోను అని సంతృప్తి పరిచాలి. $a_1a_2\cdots a_{2010}$ ఉత్పత్తి యొక్క అత్యధికమైన విలువను నిర్ధారించండి మరియు ఖచ్చితంగా నిరూపించండి.	$\prod_{i=1}^{1005}(4i-1)$
ఒక బ్లాక్‌బోర్డ్‌లో 68 జతల సున్నా కాని పూర్ణాంకాలు ఉంటాయి. ప్రతి ధనాత్మక పూర్ణాంకానికి $k$ గరిష్టంగా $(k, k)$ మరియు $(-k, -k)$ జతలలో ఒకటి బ్లాక్‌బోర్డ్‌పై వ్రాయబడిందని అనుకుందాం. ఒక విద్యార్థి 136 పూర్ణాంకాలలో కొన్నింటిని చెరిపివేస్తాడు, రెండు తొలగించబడిన పూర్ణాంకాలు 0కి జోడించకూడదనే షరతుకు లోబడి. అప్పుడు విద్యార్థి కనీసం ఒక పూర్ణాంకం తొలగించబడిన 68 జతలలో ప్రతిదానికీ ఒక పాయింట్‌ను స్కోర్ చేస్తాడు. బోర్డుపై ఏ 68 జతలను వ్రాసినా, విద్యార్థి స్కోర్ చేయడానికి హామీ ఇవ్వగల అతిపెద్ద సంఖ్య $N$ని రుజువుతో నిర్ణయించండి.	43
ప్రైమ్ $p$ కోసం, $\mathbb{F}_p$ అంటే $p$ మాడ్యులో తీసిన పూర్తి సంఖ్యల సమితి. $\mathbb{F}_p[x]$ అనేది $\mathbb{F}_p$ లో గుణాంకాలు కలిగిన బహుపదీయ సమితి. అన్ని పూర్తి సంఖ్యలు $k$ కోసం, ఒక పూర్తి సంఖ్య $\ell$ ఉంటుందని నిర్ధారించండి, అలా $P(\ell) \equiv k \pmod p$ ని సంతృప్తిపరిచే ఒక నాలుగో క్రమ బహుపదీ  $P(x) \in \mathbb{F}_p[x]$ఉనికిలో ఉందా?  (గమనించండి: $\mathbb{F}_p[x]$ లో మొత్తం $p^4(p-1)$ నాలుగో క్రమ బహుపదీయాలు ఉన్నాయి.)	${2,3,7}$
పూర్ణాంక గుణాంకాలు సంతృప్తి చెందే \[Mx=P_1(x)^3+P_2(x)^3+\cdots+P_n(x)^3.\]తో సానుకూల పూర్ణాంకాలు \(n\) మరియు బహుపదులు \(P_1(x)\), \(P_2(x)\), \(\ldots\), \(P_n(x)\) ఉన్న కనిష్ట \(M\) సానుకూల పూర్ణాంకాలు కనుగొనండి.	6
నియమిత $2022$-భుజ బహుభుజి $\mathcal{P}$ విస్తీర్ణం $1$ గా ఉన్నప్పుడు, $\mathcal{P}$ పరిధిపై స్వతంత్రంగా మరియు సమానావకాశంతో   $A$ మరియు $B$ అనే బిందువులను ఎంచినప్పుడు, $AB \geq c$ అనే  పరిస్థితి $\frac{1}{2}$ సంభావ్యత కలిగి ఉండే నిజ సంఖ్య $c$ ను కనుగొనండి.	$\sqrt{\frac{2}{\pi}}$
$A$ ను స్ఫేరికల్ రకం $E_8$ కి చెందిన ఆర్టిన్ సమూహంగా అనుకుందాం మరియు $Z$ ను దాని కేంద్రంగా సూచిద్దాం. గుంపు  $A/Z$ లో క్రమం $10$ గల ఎన్ని టార్షన్ మూలకాలు ఉన్నాయి, అవి ప్రమాణ ఉత్పత్తిదారులను ఉపయోగించి ఏర్పడిన ధనాత్మక పదాలుగా ఉండాలి, మరియు వాటి పదం పొడవు క్రమం $10$ గల అన్ని టార్షన్ మూలకాలలో కనిష్టం కావాలి?	624
ప్రతి సహజ సంఖ్య $n$ కోసం, $2^n\times 2^n$ మ్యాట్రిక్స్ $A_n$ ని పరిగణించండి, ఇది $n$-మూలక సమితి యొక్క ఉపసమితుల ద్వారా సూచిక చేయబడుతుంది, $S\cap T=\emptyset$ అయితే $A_n[S,T]=0$ మరియు $S\cap T\ne\emptyset$ అయితే $A_n[S,T]=1$ ద్వారా నిర్వచించబడుతుంది. ఏదైనా యూనిటరీ మ్యాట్రిక్స్ $U$కి $c_n$ అనేది $\|A_n\circ U\|$ యొక్క గరిష్ట విలువగా ఉండనివ్వండి, ఇక్కడ $\circ$ హడమార్డ్ గుణితం ఉత్పత్తిని సూచిస్తుంది మరియు ఇక్కడ $\|\cdot\|$ అనేది స్పెక్ట్రల్ ప్రమాణం. $n\to\infty$గా $c_n$ యొక్క వృద్ధి రేటును $c_n=\Theta(\alpha^n)$గా వ్రాయవచ్చు. $\alpha$ విలువను నిర్ణయించండి.	$\frac{2}{\sqrt{3}}$
ద్విపరిమాణ వ్యత్యాస $n$-టారస్ $\mathbb{T}_n=\mathbb{Z}^2/n\mathbb{Z}^2$ ను $n\geq 10$ తో పరిగణలోకి తీసుకోండి. $\mathbb{T}_n$ లో $0$ స్థిరమైన శీర్షమును ఉంచి, $x_0$ అనే మరొక శీర్షము $0$ తో రెండు సార్వత్రిక పొరుగు శృంగాలను పంచుకుంటున్నట్లయితే, $\mathbb{T}_n$ లో ఒక సాదా యాదృచ్ఛిక నడకను సవ్య కాలస్థాయిలో $t_n=n^2 \ln^2 n$ వరకు నడపండి. $n\to\infty$ అవధిని కనుగొనండి (అనగా $P[x_0 \text{ was not visited before time }t_n \mid 0 \text{ was not visited before time }t_n]$).	$e^{-\pi/2}$
$X$ అనే $n$-అంశాల సమితిని శూన్యరహిత ఉపసమితుల $X_i$ గా విభజించడానికి ఉన్న మార్గాల సంఖ్యను $a_n$ గా నిర్వచిస్తాం. ప్రతి ఉపసమితి $X_i$ పై బలహీన క్రమాన్ని విధించాలి, అంటే పూర్తి క్రమం ఉంటూ, సమాన స్థానాలను అనుమతించవచ్చు. $a_{21}$ యొక్క ఖచ్చిత సంఖ్యా విలువ ఏమిటి?	4667348672819419628992129
బహుపదిని పరిగణించండి $f(x) = x^7 - 14x^5 + 56x^3 - 56x + 22$. ప్రధాన సంఖ్యల సమితి యొక్క సహజ సాంద్రతను కనుగొనండి, ఇక్కడ $p$ అలాంటిది $f(x)$ తగ్గించలేనిదిగా ఉంటుంది $\bmod p$?	$\frac{2}{7}$
ధన పూర్ణాంకాలు $a,b$ కావాలని అనుకుందాం. ఒక పూర్ణాంకం $k$ ను "అంగీకారయోగ్యం" అని పిలుస్తారు, ఒకవేళ సంక్లిష్ట $a$ మరియు $b$  $A_1,...,A_{ab}$ క్రింది షరతులను తీరుస్తే: 1. ప్రతి  $A_i$ శూన్యంకాని గుణిత మాలిక కావాలి 2. $i \neq j అయితే, $\text{tr}(A_i^\dagger A_j) = 0$ కావాలి 3. ఖచ్చితంగా $k$ గుణిత మాలికలు $A_i$ ర్యాంక్ 1 కలిగి ఉండాలి. శ్రేణి $0,1,...,ab$ లో ఎన్ని పూర్ణాంకాలు అంగీకారయోగ్యం కావు? గమనిక: $\dagger$ హెర్మిటియన్ అద్జాయింట్‌, అంటే గుణిత మాలిక యొక్క కాంజుగేట్ ట్రాన్స్‌పోస్.	1
కొంత అశేష ధన సంపూర్ణ సంఖ్య $n > 1$ మరియు కొంత ధన సంపూర్ణ సంఖ్య $k\ge n$ కోసం, $S$ అనే $n$ విభిన్న సంపూర్ణ సంఖ్యలతో కూడిన ఒక జాబితా ఉంది, ఇందులో ప్రతి సంఖ్య $[-k,k]$ మధ్య ఉండాలి. వచ్చే $n$ రోజులపాటు, ప్రతి ఉదయం, మీరు $S$ నుండి రెండు సంఖ్యలు $x$ మరియు $y$ తీసివేసి, $S$     లోకి $x+y$ మరియు $-x-y$ చేర్చవచ్చు, ఇక్కడ $S$ లో పునరావృత అంశాలు అనుమతించబడతాయి. ప్రారంభంలో $S$   యొక్క విలువలు ఎంతగా ఉన్నా, $n$ రోజుల తర్వాత $S$ మొత్తం శూన్యాలతో నిండి ఉండటం అసాధ్యం అవ్వడానికి ఎన్ని ప్రారంభ విలువలు ఉంటాయి?	$\binom{k}{n}2^{n}$
$\mathbb{P}^2$ లో స్మూత్ నిరూపకతలం క్వార్టిక్ హైపర్‌సర్ఫేసుల్లోకి $U \subseteq \mathbb{P}(H^0(\mathbb{P}^2, \mathcal{O}(4)))$ అనే ఓపెన్ సమితిను పరిగణించండి. ఇది $G=\mathrm{PGL}(3)=\mathrm{Aut}(\mathbb{P}^2)$ బృందం ద్వారా సహజమైన క్రియను కలిగి ఉంది. భాగఫలం స్టాక్ $[U/G]$ యొక్క ఆర్బిఫోల్డ్ యూలర్ లక్షణం ఏమిటి?	$\frac{5}{2016}$
నిర్ధిష్టంగా 7 చీరింపులు గల సమతల రేఖాచిత్రాలతో ప్రాతినిధ్యం వహించగలిగే అన్ని గిరకం రకాలను పరిగణించండి. (ఒక గిరకం మరియు దాని ప్రతిబింబం ఒకే గిరకం రకంగా పరిగణించబడతాయి.) ఈ గిరకాలలో హైపర్బొలిక్ గిరకుల శాతం ఎంత?	$\frac{11}{18}$
ఒక సదస్సులో 42 మంది యంత్ర అభ్యాస పరిశోధకులు ఉన్నారు. వారు ముగ్గురు కుర్చీలు ఉన్న పీఠాల వద్ద కూర్చోవాలి. ప్రతి పరిశోధకుడు 24 మంది ఇతర పరిశోధకులతో కలిసి పత్రాన్ని రచించాడు. 2027 పీఠాల కూర్పులలో, ఆ పీఠంలోని ముగ్గురు పరిశోధకులు ఒకరితో ఒకరు సంయుక్తంగా పత్రాన్ని రచించలేదు. అయితే, మొత్తం గణనలో, అన్ని ముగ్గురు పరిశోధకులు ఒకరితో ఒకరు సంయుక్తంగా పత్రాన్ని రచించిన పీఠాల సంఖ్య ఎంత?	955
$S \in \mathbb C \setminus \mathbb R $ అనే సమితి యొక్క అతిపెద్ద పరిమాణం $|S|$ ఎంత, తద్వారా దాని అన్ని మూలకాలు $A^3=A^*$ ని సంతృప్తిపరిచే ఒకే మాత్రిక $A \in \mathbb C^{n \times n}$ యొక్క ఐజెన్ విలువలు, ఇక్కడ $A^*$ అనేది అనుబంధ మాత్రిక.	6
ఒక టోకనైజర్‌కు పదకోశం $V$ ఉంది, దీని పరిమాణం $|V|=:n=99$. ప్రతి ఇన్‌పుట్ శ్రేణి $w=(w_1,\dots,w_{99})$ కోసం, దానిలో లేనివి అయిన ప్రత్యేక టోకెన్ల సంఖ్యను ఒక్కసారి పెంచి, దాని వ్యుత్క్రమాన్ని తీసుకోవడం ద్వారా బరువును నిర్వచించాలి: $a(w)=(n+1-\left |\cup_{i=1}^n \{w_i\}\right|)^{-1}$. $\sum_{w\in V^{99}}a(w)$ ని లెక్కించండి. మీ సమాధానాన్ని $10$ యొక్క ఘాతంగా రాయండి.	$10^{980}$
$k\geq 3$ అయిన ప్రధాన సంఖ్యగా భావిద్దాం $k$ శీర్షాలు తో కూడిన సంపూర్ణ రేఖాచిత్రం ను $K_k$ గా సూచిద్దాం.  $\Delta_k$ అనే అమూర్త సరళమైన సంక్లిష్టం ఈ విధంగా నిర్వచిద్దాం: $\Delta_k$ యొక్క ప్రాధమిక సమితి:  ఇది $E(K_k)$. - తో కూడి ఉంటుంది. స్వతంత్ర (ముఖం) ఉపసమితి:  $E(K_k)$ యొక్క ఖాళీ కాని ఉపసమితి $A$ స్వతంత్రంగా (ముఖంగా) ఉంటుందంటే, రేఖాచిత్రం $(V(K_k),A)$  లో ఉన్న ప్రతి శీర్షాలు గరిష్టంగా $2$ అంశ స్థాయి కలిగి ఉండాలి. $\Delta_k$ యొక్క తగ్గించిన యులర్ లక్షణం న్ని $\hat{\chi}(\Delta_k)$ తో సూచిద్దాం. $\hat{\chi}(\Delta_k) \mod k$ ని గణించండి.	$\frac{k-3}{2}$
ఒక సమతలంపై చతురస్రం వేశారు, మరియు దాని ప్రతి పక్కపై ఒక బిందువును గుర్తించారు. ఆ తర్వాత, చతురస్రాన్ని తొలగించారు, కానీ గుర్తించిన నాలుగు బిందువులు మిగిలాయి. ఈ బిందువుల ఆధారంగా మీరు చతురస్రం యొక్క మూలబిందువులను ఎలా కనుగొనగలరు (అంటే, చతురస్రాన్ని పునరుద్ధరించగలరా)? గుర్తించిన బిందువుల స్థానాంకాలు (0.3511, 0.2027), (0.6753, 0.8303), (-0.2845, 0.9905), (-0.128, 0.2218). చతురస్రం యొక్క మూలబిందువుల స్థానాంకాలను కనుగొని, వాటిని x-స్థానాంకం పెరుగుతున్న క్రమంలో క్రమబద్ధంగా, రెండువందల స్థానం గుర్తుల ఖచ్చితతతో చూపించండి.	(-0.5,0.87),(0,0),(0.37,1.37),(0.87,0.5)
సమతలంలో ఒక సంకుచిత సమితిని $C$ అని అనుకుందాం, ఇది ఈ క్రింది షరతును సంతృప్తి పరచాలి: ప్రతి దిశకు, ఆ దిశలో ఒక రేఖ $l$ ఉండి, $l \cap C$ యొక్క మితి కనీసం $\frac{1}{2}$ అయినప్పుడు. $C$ యొక్క కనిష్ఠ సాధ్యమైన మితి ఎంత?	$\frac{5}{4}$
$B_n$ అనునది $n$ తీగలతో కూడిన జడ సమూహం. $1 \leqslant n \in \mathbb{Z}$ అని ఉంచినప్పుడు, $tr_n$ అనునది అనుబంధ Ocneanu ట్రేస్. $H_n$ అనునది బహుళ-పరామితి ఇవాహోరి-హెకే బీజగణితం, ఇది class="math-blue">$\left\{ T_w | w\in S_n \right\}$ ద్వారా విస్తరించబడినది, ఇక్కడ $S_n$ అనునది $n$ అంశాలతో కూడిన సమమితి గుంపు.  అంతేకాక, $f_n : B_n \rightarrow H_n$ ఈ విధంగా ఇవ్వబడినది: $f_n (\sigma_i) = T_i$.  $tr_2 \circ f_2 (\sigma_1 ^{-3})$ ను గణించండి.	$2q^{-1}+q^{-2}(z^2-1)$
BDF4 సంఖ్యా పద్ధతిలో $A(\alpha)$ స్థిరత్వానికి, రేడియన్లలో ఉన్న కోణం $\alpha$ యొక్క ఖచ్చితమైన విలువను $\arctan()$ రూపంలో కనుగొనండి.	$-\arctan(-\sqrt{24}\frac{699}{1024})$
అనుకుందాం $f(x)=x^3+ax^2+bx+c$, ఇందులో $a,b\in\mathbb{R}$. ఏమైనా $k\in\mathbb{Z}$ కి $$f(k-1)f(k+1) < 0.$$ సాధ్యం కాకుండా ఉందని అనుకుందాం. $f'(-1/4)=-1/4$ మరియు $f'(1/4) < 0$ అని ఇచ్చారు. $f(3)$ ఖచ్చితమైన విలువను కనుగొనండి. అది భిన్నంగా వస్తే ఖచ్చితమైన భిన్నంగా ఇవ్వండి, అంచనాగా ఇవ్వకండి.	$\frac{87}{4}$
ఒక ఉపరితలం $S$  అనేది ఒక వైపు పొడవు $s$ గల ఘనపు ఉపరితలమని పరిగణించండి. ఘనంలోని ఒక శిఖరాన్ని $P$  అని సూచించండి, మరియు $D\subset S$ అనునది $S$  పై ఉన్న బిందువుల సమాహారంగా పరిగణించండి, ఇవి ఉపరితలం వెంట కొలిచినప్పుడు $P$ నుండి గరిష్టంగా $\sqrt{2} \cdot s$  దూరంలో ఉంటాయి. $D$ యొక్క విస్తీర్ణాన్ని $S$ యొక్క విస్తీర్ణంతో భాగించండి, మరియు సమాధానాన్ని ఖచ్చితమైన రూపంలో ఇవ్వండి.	$\frac{\pi + 3 \sqrt{3} - 3}{6}$
 ఎస్ ఒక K3 ఉపరితలం మరియు సి ఒక సంకీర్ణ వక్రం యొక్క జీనస్ అని అనుకుందాము 2. అదనంగా $\rho$, S యొక్క ఒక నాన్ - సింప్లెక్టిక్ ఇంవొల్యూషన్ మరియు $\psi$, C యొక్క ఒక ఇంవొల్యూషన్. $\rho$ మరియు $\psi$ కలిసి కార్టిషియన్ గుణకం $S\times C$ యొక్క ఒక ఇంవొల్యూషన్ $\rho\times\psi$ ను నిర్వచిస్తాయి. $S\times C$ ఇంకా ఇంవొల్యూషన్ యొక్క భాగఫలం గుణకం ఒక సంకీర్ణ ఆర్బిఫోల్డ్ అవుతుంది. M అనే అసాధారణ పథమును పెల్చిన తర్వాత వచ్చిన ఒక సరళ మేనిఫోల్డ్. ఏ హాడ్జ్ సంఖ్యా $h^{1,1}$ ది యొక్క గరిష్ట విలువను మనము పొందవచ్చు?	81
$$d'(t)=2d^2(t)+(-3u(t)+5u^2(t))d(t)-u(t)(1-u(t))u^2(t), \ u'(t)=(u(t)-1)u^2(t).$$ అనగా డిఫరెన్షియల్ సమీకరణాల వ్యవస్థను పరిగణించండి. వ్యవస్థ యొక్క దశ సమతలంలో పై భాగం, $u\geq 0$, పరిమితంగా పరిగణిద్దాం. వ్యవస్థ యొక్క విభాజిక రేఖను కనుగొనండి.	$d=u-u^2$
సానుకూల పూర్ణాంక \( n \) కొరకు, \( f(n) \) ను కింది లక్షణాన్ని తీరుస్తున్న అత్యల్ప సానుకూల పూర్ణాంకకంగా నిర్వచించండి: ఏదైనా \( n \) సానుకూల పూర్ణాంకాల \( x_1, x_2, \dots, x_n \), కొసం, విధులు \( \nu_2\left( \sum_{i \in I} x_i \right) \), కార్యం, ఇక్కడ \( I \) అన్నీ శూన్యేతర ఉపసమితులుగా \( \{1, 2, \dots, n\} \), పరిధిలో, విభిన్న పూర్ణాంక విలువలను మాత్రమే పొందుతుంది, అయితే వీటి సంఖ్య \( f(n) \) కంటే ఎక్కువ కాదు. కనుగొనండి:  \[\lim_{n \to \infty} \frac{f(n)}{n \log_2 n}.\]	$\frac{1}{2}$
స్టాండర్డ్ ట్రియాంగ్యులేషన్ ఉన్న మొబియస్ బ్యాండ్‌లోని ఎక్కువ పరిమాణాల రూటెడ్ ఫారెస్టులు $(F,R)$ లో, ఎన్ని ఫారెస్టులు $F$ సంపూర్ణంగా రూట్ $R$ పై సింప్లిసియల్లీ కూల్చబడవు?	2
కనిష్ట సంఖ్య  N ని కనుగొనండి, అలా ఏ సంఖ్య $\geq N$ ను $2n^2+3n+1$ రూపంలోని భిన్న సంఖ్యల మొత్తంగా రాయవచ్చు.	494
మీరు ఏరోడైనమిక్ సమర్థత మరియు ఇంధన వినియోగాన్ని మెరుగుపరిచే విమాన రెక్కను డిజైన్ చేయడం మీ పని.  రెక్క మృదువైన, సన్నిహిత ఉపరితలము $ S $ ఉపరితలం $ \mathbb{R}^3 $ లోని మృదువైన, సన్నిహిత ఉపరితలము, ఇది $ x(u, v) = (u \cos v, u \sin v, \ln(u+1)) $ అనే పారామెట్రిక్ సమీకరణాల $ u $ ద్వారా నిర్వచించబడింది.  ఇక్కడ, interval $ [1, 3] $ మరియు  $ v $  $ [0, 2\pi) $ అయినప్పుడు, ఉపరితలం పరిమితమైన మధ్య మోడల్ చేయబడుతుంది.  మీ లక్ష్యం రెక్క ఉపరితలము లోని నిర్దిష్ట బిందువులో $ (u, v) = (2, \frac{\pi}{4}) $ వక్రత గుణాలను విశ్లేషించడం.  ఇది ఏరోడైనమిక్ పనితీరును మెరుగుపరిచే సర్దుబాట్లకు సహాయపడుతుంది.  తదుపరి, రెక్క ఉపరితలముపై సాధారణ వక్రత (Mean curvature) $H$ ను $(2, \frac{\pi}{4})$ వద్ద లెక్కించండి.  చివరి ఫలితాన్ని మూడు దశాంశ స్థానాలు వరకు సవరించండి.	-0.127
