Turbo, con ốc sên, chơi một trò chơi trên một bảng có $2024$ hàng và $2023$ cột. Có $2022$ quái vật ẩn trong các ô. Ban đầu, Turbo không biết vị trí của bất kỳ quái vật nào, nhưng anh ấy biết rằng có chính xác một quái vật trong mỗi hàng trừ hàng đầu tiên và hàng cuối cùng, và mỗi cột chứa tối đa một quái vật. Turbo thực hiện một loạt các lần thử để đi từ hàng đầu tiên đến hàng cuối cùng. Trong mỗi lần thử, anh ấy chọn bắt đầu từ bất kỳ ô nào trong hàng đầu tiên, sau đó liên tục di chuyển đến một ô liền kề có chung một cạnh. (Anh ấy được phép trở lại một ô đã thăm trước đó.) Nếu anh ấy đến một ô có quái vật, lần thử của anh ấy kết thúc và anh ấy được chuyển trở lại hàng đầu tiên để bắt đầu lần thử mới. Quái vật không di chuyển, và Turbo nhớ liệu mỗi ô anh ấy đã thăm có chứa quái vật hay không. Nếu anh ấy đến bất kỳ ô nào trong hàng cuối cùng, lần thử kết thúc và trò chơi kết thúc. Xác định giá trị nhỏ nhất của $n$ để Turbo có một chiến lược đảm bảo đến hàng cuối cùng ở lần thử thứ $n$ hoặc sớm hơn, bất kể vị trí của các quái vật.	3
Cho $\mathbb{Q}$ là tập hợp các số hữu tỉ. Một hàm $f: \mathbb{Q} \to \mathbb{Q}$ được gọi là hàm aquaesulian nếu tính chất sau được thỏa mãn: với mọi $x,y \in \mathbb{Q}$, \[ f(x+f(y)) = f(x) + y \quad \text{hoặc} \quad f(f(x)+y) = x + f(y). \]Chứng minh rằng tồn tại một số nguyên $c$ sao cho với bất kỳ hàm aquaesulian nào $f$, có tối đa $c$ số hữu tỉ khác nhau dạng $f(r) + f(-r)$ với một số hữu tỉ $r$ nào đó, và tìm giá trị nhỏ nhất có thể của $c$.	2
Cho $n$ là một số nguyên dương. Một tam giác Nhật Bản bao gồm $1 + 2 + \dots + n$ vòng tròn được sắp xếp trong một hình tam giác đều sao cho với mỗi $i = 1$, $2$, $\dots$, $n$, hàng thứ $i$ chứa chính xác $i$ vòng tròn, trong đó chỉ có một vòng tròn được tô màu đỏ. Một con đường ninja trong tam giác Nhật Bản là một dãy gồm $n$ vòng tròn được tạo ra bằng cách bắt đầu từ hàng trên cùng, rồi liên tục đi từ một vòng tròn đến một trong hai vòng tròn ngay bên dưới nó và kết thúc ở hàng dưới cùng. Đây là một ví dụ về một tam giác Nhật Bản với $n = 6$, cùng với một con đường ninja trong tam giác đó chứa hai vòng tròn đỏ. [asy] // credit to vEnhance for the diagram (which was better than my original asy): size(4cm);  pair X = dir(240); pair Y = dir(0);  path c = scale(0.5)*unitcircle;  int[] t = {0,0,2,2,3,0};  for (int i=0; i<=5; ++i) {     for (int j=0; j<=i; ++j) {  filldraw(shift(i*X+j*Y)*c, (t[i]==j) ? lightred : white);  draw(shift(i*X+j*Y)*c);     }  }  draw((0,0)--(X+Y)--(2*X+Y)--(3*X+2*Y)--(4*X+2*Y)--(5*X+2*Y),linewidth(1.5));  path q = (3,-3sqrt(3))--(-3,-3sqrt(3));  draw(q,Arrows(TeXHead, 1));  label("$n = 6$", q, S); label("$n = 6$", q, S); [/asy] Theo $n$, hãy tìm $k$ lớn nhất sao cho trong mỗi tam giác Nhật Bản, có một con đường ninja chứa ít nhất $k$ vòng tròn đỏ.	$\lfloor \log_{2} n  \rfloor + 1$
Cho $n$ là một số nguyên dương. Một ô vuông Bắc Âu là một bảng $n \times n$ chứa tất cả các số từ $1$ đến $n^2$ sao cho mỗi ô chứa chính xác một số. Hai ô khác nhau được coi là kề nhau nếu chúng có một cạnh chung. Mỗi ô chỉ kề với các ô chứa số lớn hơn được gọi là một thung lũng. Một đường đi lên là một dãy các ô thỏa mãn các điều kiện sau: (i) ô đầu tiên trong dãy là một thung lũng, (ii) mỗi ô kế tiếp trong dãy kề với ô trước đó, và (iii) các số viết trong các ô của dãy tăng lên theo thứ tự. Hãy tìm, dưới dạng một hàm của $n$, tổng số đường đi lên nhỏ nhất có thể trong một ô vuông Bắc Âu.	$2n^2 - 2n + 1$
Giáo sư Oak đang cho $100$ Pokémon ăn. Mỗi Pokémon có một bát với dung tích là một số thực dương tính bằng kilôgam. Những dung tích này được Giáo sư Oak biết rõ. Tổng dung tích của tất cả các bát là $100$ kilôgam. Giáo sư Oak phân phối $100$ kilôgam thức ăn sao cho mỗi Pokémon nhận được một số kilôgam thức ăn là số nguyên không âm (số này có thể lớn hơn dung tích của bát). Mức độ không hài lòng của một Pokémon nhận $N$ kilôgam thức ăn và có bát dung tích $C$ kilôgam được tính bằng $\lvert N-C\rvert$. Hãy tìm số thực nhỏ nhất $D$ sao cho, bất kể dung tích của các bát như thế nào, Giáo sư Oak có thể phân phối thức ăn sao cho tổng mức độ không hài lòng của tất cả $100$ Pokémon không vượt quá $D$.	50
Xác định độ dài lớn nhất $L$ của một dãy số $a_1, \dots, a_L$ gồm các số nguyên dương thỏa mãn cả hai điều kiện sau: mỗi phần tử trong dãy đều nhỏ hơn hoặc bằng $2^{2023}$, và không tồn tại một dãy con liên tiếp $a_i, a_{i+1}, \dots, a_j$ (với $1 \le i \le j \le L$) có sự lựa chọn các dấu $s_i, s_{i+1}, \dots, s_j \in \{1, -1\}$ sao cho\[s_i a_i + s_{i+1} a_{i+1} + \dots + s_j a_j = 0.\]	$2^{2024} - 1$
Gọi $n \geqslant 2$ là một số nguyên dương. Paul có một dải hình chữ nhật kích thước $1\times n^2$ bao gồm $n^2$ ô vuông đơn vị, trong đó ô vuông thứ $i$ được đánh số $i$ cho tất cả các $1\leqslant i\leqslant n^2$. Anh ấy muốn cắt dải này thành nhiều mảnh, trong đó mỗi mảnh bao gồm một số ô vuông đơn vị liên tiếp, sau đó dịch chuyển (không xoay hoặc lật) các mảnh để lập thành một hình vuông kích thước $n\times n$ thỏa mãn tính chất sau: nếu ô vuông đơn vị ở hàng $i$ và cột $j$ được đánh số $a_{ij}$, thì $a_{ij}-(i+j-1)$ chia hết cho $n$. Hãy xác định số mảnh cắt ít nhất Paul cần thực hiện để đạt được mục tiêu này.	$2n - 1$
Quần đảo Imomi bao gồm $n\geq 2$ đảo. Giữa mỗi cặp đảo khác nhau có một tuyến phà duy nhất chạy theo cả hai hướng, và mỗi tuyến phà được vận hành bởi một trong số $k$ công ty. Biết rằng nếu bất kỳ một trong số $k$ công ty đóng tất cả các tuyến phà của mình, thì sẽ trở nên không thể để một du khách, không quan trọng nơi du khách bắt đầu, có thể thăm tất cả các đảo chính xác một lần (đặc biệt là không quay lại đảo nơi du khách bắt đầu). Hãy xác định giá trị tối đa có thể của $k$ theo $n$.	$\lfloor \log_{2}n \rfloor$
Cho $a_1, \dots, a_n, b_1, \dots, b_n$ là $2n$ số nguyên dương sao cho $n+1$ tích số \[a_1 a_2 a_3 \cdots a_n, b_1 a_2 a_3 \cdots a_n, b_1 b_2 a_3 \cdots a_n, \dots, b_1 b_2 b_3 \cdots b_n\]tạo thành một cấp số cộng tăng dần theo thứ tự đó. Hãy xác định số nguyên nhỏ nhất có thể là công sai chung của cấp số cộng này.	$n!$
Cho $k \ge 2$ là một số nguyên. Tìm số nguyên nhỏ nhất $n \ge k+1$ sao cho tồn tại một tập gồm $n$ số thực phân biệt mà mỗi phần tử của nó có thể được biểu diễn như một tổng của $k$ phần tử phân biệt khác trong tập.	$k + 4$
Cho $\mathbb R$ là tập hợp các số thực. Chúng ta ký hiệu $\mathcal F$ là tập hợp tất cả các hàm số $f\colon\mathbb R\to\mathbb R$ sao cho $$f(x + f(y)) = f(x) + f(y)$$ với mọi $x,y\in\mathbb R$. Tìm tất cả các số hữu tỷ $q$ sao cho với mọi hàm số $f\in\mathcal F$, tồn tại một số $z\in\mathbb R$ thỏa mãn $f(z)=qz$.	$\left\{ \frac{n+1}{n}: n\in\mathbb{Z}, n\neq0 \right\}$
Một dãy số $\pm 1$ là một dãy gồm $2022$ số $a_1, \ldots, a_{2022},$ mỗi số bằng $+1$ hoặc $-1$. Xác định giá trị lớn nhất của $C$ sao cho, đối với bất kỳ dãy số $\pm 1$ nào, tồn tại một số nguyên $k$ và các chỉ số $1 \le t_1 < \ldots < t_k \le 2022$ sao cho $t_{i+1} - t_i \le 2$ với mọi $i$, và $$\left| \sum_{i = 1}^{k} a_{t_i} \right| \ge C.$$	506
Một số được gọi là số Na Uy nếu nó có ba ước dương khác nhau và tổng của chúng bằng $2022$. Xác định số Na Uy nhỏ nhất. (Lưu ý: Tổng số ước dương của một số Na Uy có thể lớn hơn $3$.)	1344
Xác định tất cả các hàm số $f: \mathbb{R} \rightarrow \mathbb{R}$ thỏa mãn rằng $$(f(a) - f(b))(f(b) - f(c))(f(c) - f(a)) = f(ab^2 + bc^2 + ca^2) - f(a^2b + b^2c + c^2a)$$ với mọi số thực $a$, $b$, $c$.	$f(x)=\alphax+\beta$ or $f(x)=\alphax^3+\beta$ where $\alpha \in \{-1,0,1\}$ and $\beta\in\mathbb{R}$
Xác định số nguyên lớn nhất $N$ sao cho tồn tại một bảng $T$ các số nguyên với $N$ hàng và $100$ cột mà bảng này có các tính chất sau: $\text{(i)}$ Mỗi hàng chứa các số từ $1$, $2$, $\ldots$, $100$ theo một thứ tự nào đó. $\text{(ii)}$ Với bất kỳ hai hàng phân biệt $r$ và $s$, tồn tại ít nhất một cột $c$ sao cho $|T(r,c) - T(s, c)|\geq 2$. (Ở đây $T(r,c)$ là phần tử ở hàng $r$ và cột $c$.)	$\frac{100!}{2^{50}}$
Cho $R^+$ là tập hợp các số thực dương. Xác định tất cả các hàm số $f:R^+$ $\rightarrow$ $R^+$ sao cho với mọi số thực dương $x$ và $y:$ $$f(x+f(xy)) + y = f(x)f(y) + 1$$	$f(x) = x + 1$
Có một số nguyên $n > 1$. Có $n^2$ trạm trên một triền núi, tất cả ở các độ cao khác nhau. Mỗi trong hai công ty tuyến cáp treo, $A$ và $B$, vận hành $k$ tuyến cáp treo; mỗi tuyến cáp treo cung cấp chuyến đi từ một trạm tới một trạm cao hơn (không có điểm dừng trung gian). $k$ tuyến cáp treocủa công ty $A$ có $k$ điểm xuất phát khác nhau và $k$ điểm kết thúc khác nhau, và một tuyến cáp treo bắt đầu cao hơn cũng kết thúc cao hơn. Điều kiện tương tự cũng áp dụng cho công ty $B$. Chúng ta nói rằng hai trạm được liên kết bởi một công ty nếu có thể bắt đầu từ trạm thấp hơn và đến được trạm cao hơn bằng cách sử dụng một hoặc nhiều tuyến cáp treo của công ty đó (không có sự di chuyển nào khác giữa các trạm được phép). Hãy xác định số nguyên dương nhỏ nhất $k$ để đảm bảo rằng có hai trạm được liên kết bởi cả hai công ty.	$n^2 - n + 1$
Các số Fibonacci $F_0, F_1, F_2, . . .$ được định nghĩa theo quy nạp bởi $F_0=0, F_1=1$, và $F_{n+1}=F_n+F_{n-1}$ với $n \ge 1$. Cho trước một số nguyên $n \ge 2$, xác định kích cỡ nhỏ nhất của một tập hợp $S$ các số nguyên sao cho với mọi $k=2, 3, . . . , n$ tồn tại $x, y \in S$ sao cho $x-y=F_k$.	$\lceil \frac{n}{2} \rceil + 1$
Hai người chơi $A$ và $B$ chơi một trò chơi trên bảng đen ban đầu chứa 2020 bản sao của số 1. Trong mỗi lượt chơi, người chơi $A$ xóa hai số $x$ và $y$ ra khỏi bảng đen, sau đó người chơi $B$ viết một trong hai số $x+y$ và $|x-y|$ lên bảng đen. Trò chơi kết thúc ngay khi, vào cuối một lượt chơi nào đó, một trong hai điều sau xảy ra: $(1)$ một trong các số trên bảng đen lớn hơn tổng của tất cả các số còn lại; $(2)$ chỉ có các số 0 trên bảng đen. Sau đó người chơi $B$ phải đưa cho người chơi $A$ số bánh quy bằng số lượng các số trên bảng đen. Người chơi $A$ muốn nhận được càng nhiều bánh quy càng tốt, trong khi người chơi $B$ muốn đưa càng ít càng tốt. Xác định số bánh quy mà $A$ nhận được nếu cả hai người chơi đều chơi tối ưu.	7
Ngân hàng Bath phát hành các đồng xu với một mặt có chữ $H$ và một mặt có chữ $T$. Harry có $n$ đồng xu này được sắp xếp thành hàng từ trái sang phải. Anh ta liên tục thực hiện thao tác sau: nếu có chính xác $k>0$ đồng xu mặt $H$ hướng lên, thì anh ta lật đồng xu thứ $k$ từ bên trái; ngược lại, nếu tất cả các đồng xu đều là mặt $T$ thì anh ta dừng lại. Ví dụ, nếu $n=3$ thì quá trình bắt đầu với cấu hình $THT$ sẽ là $THT \to HHT  \to HTT \to TTT$, và dừng lại sau ba lần thao tác. (a) Chứng minh rằng, với mỗi cấu hình ban đầu, Harry sẽ dừng lại sau một số hữu hạn lần thao tác. (b) Với mỗi cấu hình ban đầu $C$, gọi $L(C)$ là số lần thao tác trước khi Harry dừng lại. Ví dụ, $L(THT) = 3$ và $L(TTT) = 0$. Xác định giá trị trung bình của $L(C)$ trên tất cả $2^n$ cấu hình ban đầu có thể $C$.	$\frac{n(n+1)}{4}$
Đối với hai số thực khác nhau $x$ và $y$, ta định nghĩa $D(x,y)$ là số nguyên duy nhất $d$ sao cho $2^d\le |x-y| < 2^{d+1}$. Cho một tập hợp các số thực $\mathcal F$, và một phần tử $x\in \mathcal F$, ta nói rằng các thang đo của $x$ trong $\mathcal F$ là các giá trị của $D(x,y)$ với $y\in \mathcal F$ và $x\neq y$. Gọi $k$ là một số nguyên dương cho trước. Giả sử rằng mỗi phần tử $x$ của $\mathcal F$ có nhiều nhất $k$ thang đo khác nhau trong $\mathcal F$ (lưu ý rằng các thang đo này có thể phụ thuộc vào $x$). Kích thước tối đa có thể của tập $\mathcal F$ là bao nhiêu?	$2^k$
Cho dãy số thực $a_0, a_1, a_2, \dots $ sao cho $a_0=0, a_1=1,$ và với mỗi $n \geq 2$, tồn tại $1 \leq k \leq n$ thỏa mãn \[ a_n = \frac{a_{n-1} + \dots + a_{n-k}}{k}. \] Tìm giá trị lớn nhất có thể của $a_{2018} - a_{2017}$.	$\frac{2016}{2017^2}$
Cho $q$ là một số thực. Gugu có một chiếc khăn ăn với mười số thực phân biệt được viết trên đó, và anh ấy viết ba dòng số thực trên bảng đen như sau: Ở dòng đầu tiên, Gugu viết tất cả các số có dạng $a-b$, trong đó $a$ và $b$ là hai số (không nhất thiết phải khác nhau) trên chiếc khăn ăn của anh ấy. Ở dòng thứ hai, Gugu viết tất cả các số có dạng $qab$, trong đó $a$ và $b$ là hai số (không nhất thiết phải khác nhau) từ dòng đầu tiên. Ở dòng thứ ba, Gugu viết tất cả các số có dạng $a^2+b^2-c^2-d^2$, trong đó $a, b, c, d$ là bốn số (không nhất thiết phải khác nhau) từ dòng đầu tiên. Xác định tất cả các giá trị của $q$ sao cho, bất kể các số trên khăn ăn của Gugu là gì, mọi số ở dòng thứ hai cũng là một số ở dòng thứ ba.	${-2,0,2}$
Tìm hằng số nhỏ nhất $C > 0$ sao cho mệnh đề sau đúng: trong bất kỳ năm số thực dương $a_1, a_2, a_3, a_4, a_5$ nào (không nhất thiết phải phân biệt), luôn có thể chọn các chỉ số khác nhau $i, j, k, l$ sao cho \[ \left| \frac{a_i}{a_j} - \frac {a_k}{a_l} \right| \le C. \]	$\frac{1}{2}$
Phương trình $$(x-1)(x-2)\cdots(x-2016)=(x-1)(x-2)\cdots (x-2016)$$ được viết trên bảng, với 2016 thừa số bậc nhất ở mỗi bên. Giá trị nhỏ nhất của $k$ là bao nhiêu để có thể xóa chính xác $k$ trong số 4032 thừa số bậc nhất này sao cho ít nhất một thừa số còn lại ở mỗi bên và phương trình kết quả không có nghiệm thực?	2016
Tìm hằng số thực lớn nhất $a$ sao cho với mọi $n \geq 1$ và với mọi số thực $x_0, x_1, \ldots, x_n$ thỏa mãn $0 = x_0 < x_1 < x_2 < \cdots < x_n$, ta có \[\frac{1}{x_1-x_0} + \frac{1}{x_2-x_1} + \dots + \frac{1}{x_n-x_{n-1}} \geq a \left( \frac{2}{x_1} + \frac{3}{x_2} + \dots + \frac{n+1}{x_n} \right)\]	$\frac{4}{9}$
Tìm tất cả các số nguyên $n$ sao cho mỗi ô của bảng $n \times n$ có thể được điền một trong các chữ cái $I, M$ và $O$ theo cách sau: trong mỗi hàng và mỗi cột, một phần ba số ô là $I$, một phần ba là $M$, và một phần ba là $O$; và  trên bất kỳ đường chéo nào, nếu số lượng các ô trên đường chéo là bội số của ba, thì một phần ba số ô là $I$, một phần ba là $M$, và một phần ba là $O$. Lưu ý. Các hàng và các cột của một bảng $n \times n$ được đánh số từ $1$ đến $n$ theo thứ tự tự nhiên. Do đó, mỗi ô tương ứng với một cặp số nguyên dương $(i, j)$ với $1 \le i, j \le n$. Với $n > 1$, bảng có $4n-2$ đường chéo thuộc hai loại. Một đường chéo loại thứ nhất bao gồm tất cả các ô $(i, j)$ mà $i+j$ là một hằng số, và đường chéo loại thứ hai bao gồm tất cả các ô $(i, j)$ mà $i-j$ là một hằng số.	9
Cho $n$ là một số nguyên dương. Xác định số nguyên dương nhỏ nhất $k$ có tính chất sau: có thể đánh dấu $k$ ô trên bảng $2n \times 2n$ sao cho tồn tại một cách phân chia duy nhất bảng thành các quân domino kích thước $1 \times 2$ và $2 \times 1$, trong đó không quân nào chứa hai ô đã đánh dấu.	$2n$
Một tập hợp các số nguyên dương được gọi là thơm nếu nó chứa ít nhất hai phần tử và mỗi phần tử của nó có một nhân tố nguyên tố chung với ít nhất một trong các phần tử khác. Gọi $P(n)=n^2+n+1$. Giá trị nhỏ nhất có thể của số nguyên dương $b$ là bao nhiêu sao cho tồn tại một số nguyên không âm $a$ mà tập $$\{P(a+1),P(a+2),\ldots,P(a+b)\}$$ là thơm?	6
Cho $n$ là một số nguyên dương cố định. Tìm giá trị lớn nhất có thể của\[ \sum_{1 \le r < s \le 2n} (s-r-n)x_rx_s, \]trong đó $-1 \le x_i \le 1$ với mọi $i = 1, \cdots , 2n$.	$n(n-1)$
Đối với một tập hợp hữu hạn $A$ bao gồm các số nguyên dương, một phép chia $A$ thành hai tập con không giao nhau, không rỗng $A_1$ và $A_2$ được gọi là $extit{tốt}$ nếu bội số chung nhỏ nhất của các phần tử trong $A_1$ bằng ước số chung lớn nhất của các phần tử trong $A_2$. Hãy xác định giá trị nhỏ nhất của $n$ sao cho tồn tại một tập hợp gồm $n$ số nguyên dương với đúng $2015$ phép chia tốt.	3024
Cho $\mathbb{Z}_{>0}$ là tập hợp các số nguyên dương. Với bất kỳ số nguyên dương $k$ nào, một hàm $f: \mathbb{Z}_{>0} \to \mathbb{Z}_{>0}$ được gọi là hàm $k$-tốt nếu $\gcd(f(m) + n, f(n) + m) \le k$ với mọi $m \neq n$. Hãy tìm tất cả các giá trị của $k$ sao cho tồn tại một hàm $k$-tốt.	$k \geq 2$
Giả sử $n \ge 2$ là một số nguyên. Xét một bàn cờ kích thước $n \times n$ bao gồm $n^2$ ô vuông đơn vị. Một bố trí của $n$ quân xe trên bàn cờ này được gọi là "yên bình" nếu mỗi hàng và mỗi cột chỉ chứa đúng một quân xe. Hãy tìm số nguyên dương lớn nhất $k$ sao cho, đối với mỗi bố trí yên bình của $n$ quân xe, luôn tồn tại một ô vuông kích thước $k \times k$ không chứa quân xe nào trong bất kỳ ô đơn vị nào của nó.	$\left\lfloor \sqrt{n-1} \right\rfloor$
Tìm tất cả các số nguyên tố $p>5$ sao cho tồn tại một số nguyên $a$ và một số nguyên $r$ thỏa mãn $1\leq r\leq p-1$ với tính chất sau: dãy số $1,\,a,\,a^2,\,\ldots,\,a^{p-5}$ có thể sắp xếp lại thành một dãy $b_0,\,b_1,\,b_2,\,\ldots,\,b_{p-5}$ sao cho $b_n-b_{n-1}-r$ chia hết cho $p$ với $1\leq n\leq p-5$.	7
Cho $c_0,\,c_1,\,c_2,\,\ldots$ là một dãy số được xác định sao cho\[\frac{1-3x-\sqrt{1-14x+9x^2}}{4}=\sum_{k=0}^\infty c_kx^k\]với $x$ đủ nhỏ. Đối với một số nguyên dương $n$, cho $A$ là ma trận $n$-nhân-$n$ với phần tử hàng $i$, cột $j$ là $c_{i+j-1}$ cho $i$ và $j$ trong $\{1,\,\ldots,\,n\}$. Tìm định thức của $A$.	$10^{\frac{n(n-1)}{2}}$
Hãy để $n$ là một số nguyên dương. Đặt $a_{n,0}=1$. Với $k\geq 0$, chọn một số nguyên $m_{n,k}$ ngẫu nhiên theo phân phối đều từ tập hợp $\{1,\,\ldots,\,n\}$, và đặt\[a_{n,k+1}=\begin{cases} a_{n,k}+1, & \text{nếu $m_{n,k}>a_{n,k}$;}\\ a_{n,k}, & \text{nếu $m_{n,k}=a_{n,k}$;}\\ a_{n,k}-1, & \text{nếu $m_{n,k}<a_{n,k}$.}\end{cases}\]Đặt $E(n)$ là giá trị kỳ vọng của $a_{n,n}$. Xác định $\lim_{n\to\infty}E(n)/n$.	$\frac{1 - e^{-2}}{2}$
Hãy xác định số thực dương nhỏ nhất $r$ sao cho tồn tại các hàm khả vi $f: \mathbb{R} \rightarrow \mathbb{R}$ và $g: \mathbb{R} \rightarrow \mathbb{R}$ thỏa mãn (a) $f(0)>0$, (b) $g(0)=0$, (c) $\left|f^{\prime}(x)\right| \leq |g(x)|$ với mọi $x$, (d) $\left|g^{\prime}(x)\right| \leq |f(x)|$ với mọi $x$, và (e) $f(r)=0$.	$\frac{\pi}{2}$
Đối với một số nguyên không âm $k$, ta gọi $f(k)$ là số chữ số một trong biểu diễn cơ số 3 của $k$. Tìm tất cả các số phức $z$ sao cho $$\sum_{k=0}^{3^{1010}-1}(-2)^{f(k)}(z+k)^{2023}=0$$	$-\frac{3^{1010}-1}{2}$ and $-\frac{3^{1010}-1}{2} \pm \frac{\sqrt{9^{1010}-1}}{4}i$
Với một số nguyên không âm $n$ và một dãy tăng chặt của các số thực $t_0, t_1, \ldots, t_n$, cho $f(t)$ là hàm giá trị thực tương ứng được định nghĩa cho $t \geq t_0$ bởi các tính chất sau: (a) $f(t)$ liên tục với $t \geq t_0$, và khả vi hai lần với mọi $t>t_0$ ngoại trừ $t_1, \ldots, t_n$; (b) $f\left(t_0\right)=\frac{1}{2}$; (c) $\lim _{t \rightarrow t_k^{+}} f^{\prime}(t) = 0$ với $0 \leq k \leq n$; (d) Với $0 \leq k \leq n-1$, ta có $f^{\prime \prime}(t) = k+1$ khi $t_k < t < t_{k+1}$, và $f^{\prime \prime}(t)=n+1$ khi $t > t_n$. Xét tất cả các lựa chọn của $n$ và $t_0, t_1, \ldots, t_n$ sao cho $t_k \geq t_{k-1} + 1$ với $1 \leq k \leq n$, giá trị nhỏ nhất của $T$ để $f\left(t_0+T\right) = 2023$ là bao nhiêu?	29
Cho $n$ là một số nguyên với $n \geq 2.$ Trong tất cả các đa thức $p(x)$ thực bậc $n$, số lượng lớn nhất các hệ số âm của $p(x)^2$ là bao nhiêu?	$2n-2$
Cho $0 \leq p \leq 1/2,$ giả sử $X_1, X_2, \ldots$ là các biến ngẫu nhiên độc lập sao cho  $$X_i=\begin{cases} 1 & \text{với xác suất } p, \\ -1 & \text{với xác suất } p, \\ 0 & \text{với xác suất } 1-2p, \end{cases}$$ với mọi $i \geq 1.$ Với số nguyên dương $n$ và các số nguyên $b,a_1, \ldots, a_n,$ ký hiệu $P(b, a_1, \ldots, a_n)$ là xác suất để $a_1X_1+ \ldots + a_nX_n=b.$ Với những giá trị nào của $p$ thì  $$P(0, a_1, \ldots, a_n) \geq P(b, a_1, \ldots, a_n)$$ với mọi số nguyên dương $n$ và mọi số nguyên $b, a_1,\ldots, a_n?$	$p \leq \frac{1}{4}$
Một con châu chấu bắt đầu tại gốc tọa độ trong mặt phẳng tọa độ và thực hiện một chuỗi các lần nhảy. Mỗi lần nhảy có độ dài $5$, và sau mỗi lần nhảy, con châu chấu ở một điểm mà tọa độ của cả hai trục đều là các số nguyên; do đó, có $12$ vị trí có thể cho con châu chấu sau lần nhảy đầu tiên. Số lần nhảy ít nhất là bao nhiêu để con châu chấu có thể đến được điểm $(2021, 2021)$?	578
Đối với mọi số thực dương $x$, hãy cho\[g(x)=\lim_{r\to 0}  ((x+1)^{r+1}-x^{r+1})^{\frac{1}{r}}.\]Tìm $\lim_{x\to \infty}\frac{g(x)}{x}$.	$e$
Cho\[\displaystyle I(R)=\iint\limits_{x^2+y^2 \le R^2}\left(\frac{1+2x^2}{1+x^4+6x^2y^2+y^4}-\frac{1+y^2}{2+x^4+y^4}\right) dx dy.\]Tìm\[\lim_{R \to \infty}I(R).\]	$\frac{\pi \ln 2}{\sqrt{2}}$
Giả sử rằng mặt phẳng được lát bởi một bàn cờ vô hạn gồm các hình vuông đơn vị. Nếu một hình vuông đơn vị khác được thả ngẫu nhiên lên mặt phẳng với vị trí và hướng không phụ thuộc vào lát bàn cờ, xác suất để nó không bao phủ bất kỳ góc nào của các hình vuông của bàn cờ là bao nhiêu?	$2 - \frac{6}{\pi}$
Đối với số nguyên dương $N$, hãy định nghĩa hàm số $f_N$ bởi\[ f_N (x)=\sum_{n=0}^N \frac{N+1/2-n}{(N+1)(2n+1)} \sin\left((2n+1)x \right). \]Hãy xác định hằng số nhỏ nhất $M$ sao cho $f_N (x) \le M$ với mọi $N$ và mọi số thực $x$.	$\frac{\pi}{4}$
Cho $n$ là một số nguyên dương, và gọi $V_n$ là tập hợp các $(2n+1)$-bộ số nguyên $\mathbf{v}=(s_0,s_1,\cdots,s_{2n-1},s_{2n})$ sao cho $s_0=s_{2n}=0$ và $|s_j-s_{j-1}|=1$ với $j=1,2,\cdots,2n$. Định nghĩa\[q(\mathbf{v})=1+\sum_{j=1}^{2n-1}3^{s_j},\]và gọi $M(n)$ là giá trị trung bình của $\frac{1}{q(\mathbf{v})}$ trên tất cả $\mathbf{v}\in V_n$. Tính $M(2020)$.	$\frac{1}{4040}$
Ký hiệu $\mathbb Z^2$ là tập hợp tất cả các điểm $(x, y)$ trên mặt phẳng với tọa độ nguyên. Với mỗi số nguyên $n \geq 0$, gọi $P_n$ là tập con của $\mathbb Z^2$ bao gồm điểm $(0, 0)$ cùng với tất cả các điểm $(x, y)$ sao cho $x^2 + y^2 = 2^k$ với một số nguyên $k \leq n$. Xác định, dưới dạng hàm của $n$, số các tập con bốn điểm của $P_n$ mà các phần tử của nó là các đỉnh của một hình vuông.	$5n+1$
Với mọi $n\ge 1$, đặt $a_n=\sum_{k=1}^{n-1}\frac{\sin(\frac{(2k-1)\pi}{2n})}{\cos^2(\frac{(k-1)\pi}{2n})\cos^2(\frac{k\pi}{2n})}$. Xác định $\lim_{n\rightarrow \infty}\frac{a_n}{n^3}$.	$\frac{8}{\pi^3}$
Xác định giá trị lớn nhất có thể của $\sum_{i = 1}^{10} \cos(3x_i)$ cho các số thực $x_1, x_2, \dots, x_{10}$ thỏa mãn $\sum_{i = 1}^{10} \cos(x_i) = 0$.	$\frac{480}{49}$
Hãy tìm tất cả các số nguyên dương $n < 10^{100}$ thỏa mãn đồng thời các điều kiện sau: $n$ chia hết $2^n$, $n-1$ chia hết $2^n - 1$, và $n-2$ chia hết $2^n - 2$.	$2^{2^l}$ for $l=1,2,4,8$
Các cạnh của một hình hai mươi mặt đều được phân biệt bằng cách đánh số chúng từ $1, 2, \dots, 30.$ Có bao nhiêu cách khác nhau để sơn mỗi cạnh bằng màu đỏ, trắng hoặc xanh dương sao cho mỗi trong số 20 mặt tam giác của hình hai mươi mặt đều có hai cạnh cùng màu và cạnh thứ ba màu khác?	$2^{20}3^{10}$
Giả sử rằng một số nguyên dương $N$ có thể biểu diễn được dưới dạng tổng của $k$ số nguyên dương liên tiếp\[N=a+(a+1)+(a+2)+\cdots+(a+k-1)\]với $k=2017$ nhưng không với bất kỳ giá trị nào khác của $k>1.$ Xét tất cả các số nguyên dương $N$ có tính chất này, số nguyên dương nhỏ nhất $a$ xuất hiện trong bất kỳ biểu thức nào trong số những biểu thức này là bao nhiêu? Trong tất cả các số $N$ thỏa mãn điều kiện này, hãy tìm giá trị nguyên dương nhỏ nhất của $a$ có thể xuất hiện.	16
Một đường thẳng trong mặt phẳng của một tam giác $T$ được gọi là một đường phân đôi nếu nó chia tam giác $T$ thành hai vùng có diện tích bằng nhau và chu vi bằng nhau. Tìm các số nguyên dương $a>b>c$, với $a$ nhỏ nhất có thể, sao cho tồn tại một tam giác với các cạnh có độ dài $a,b,c$ mà có đúng hai đường san sẻ phân biệt.	$(a,b,c)=(9,8,7)$
Tìm số các $64$-tuple có thứ tự $\{x_0,x_1,\dots,x_{63}\}$ sao cho $x_0,x_1,\dots,x_{63}$ là các phần tử khác nhau của $\{1,2,\dots,2017\}$ và \[x_0+x_1+2x_2+3x_3+\cdots+63x_{63}\] chia hết cho $2017.$	$\frac{2016!}{1953!}-2016\cdot 63!$
Hãy tính mọi đa thức $p(x)$ có hệ số nguyên và với mọi số nguyên $k,$ thì số nguyên \[p^{(j)}(k)=\left. \frac{d^j}{dx^j}p(x) \right|_{x=k}\] (đạo hàm bậc $j$ của $p(x)$ tại $k$) chia hết cho $2016.$	8
Hãy tính hằng số nhỏ nhất $C$ sao cho với mọi đa thức thực $P(x)$ bậc $3$ có một nghiệm trong khoảng $[0,1],$\[\int_0^1|P(x)|\,dx\le C\max_{x\in[0,1]}|P(x)|.\]	$\frac{5}{6}$
Cho $A$ là một ma trận kích thước $2n \times 2n$, với các phần tử được chọn ngẫu nhiên và độc lập. Mỗi phần tử được chọn là $0$ hoặc $1$, với xác suất bằng nhau là $1/2$. Hãy tìm giá trị kỳ vọng của $\det(A-A^t)$ (như là một hàm của $n$), trong đó $A^t$ là ma trận chuyển vị của $A$.	$\frac{(2n)!}{4^nn!}$
Tính giá trị của biểu thức sau:\[\sum_{k=1}^{\infty}\frac{(-1)^{k-1}}{k}\sum_{n=0}^{\infty}\frac{1}{k2^n+1}.\]	1
Tính toán\[\log_2\left(\prod_{a=1}^{2015}\prod_{b=1}^{2015}\left(1+e^{2\pi iab/2015}\right)\right)\]Ở đây, $i$ là đơn vị ảo (tức là, $i^2=-1$).	13725
Cho $T$ là tập hợp tất cả các bộ ba $(a,b,c)$ gồm các số nguyên dương để có thể tạo thành các tam giác với độ dài các cạnh $a, b, c.$ Hãy biểu diễn \[\sum_{(a,b,c)\in T}\frac{2^a}{3^b5^c}\] dưới dạng một số hữu tỉ tối giản.	$\frac{17}{21}$
Hãy để $P_n$ là số hoán vị $\pi$ của $\{1,2,\dots,n\}$ sao cho\[|i-j|=1\text{ kéo theo }|\pi(i)-\pi(j)|\le 2\]với mọi $i,j$ trong $\{1,2,\dots,n\}.$ Chứng minh rằng với $n\ge 2,$ biểu thức\[P_{n+5}-P_{n+4}-P_{n+3}+P_n\]không phụ thuộc vào $n,$ và tìm giá trị của nó.	4
Đối với mỗi số nguyên dương $k,$ hãy để $A(k)$ là số lượng ước số lẻ của $k$ trong khoảng $\left[1,\sqrt{2k}\right).$ Tính giá trị:\[\sum_{k=1}^{\infty}(-1)^{k-1}\frac{A(k)}{k}.\]	$\frac{\pi^2}{16}$
Tìm $\lambda$ nhỏ nhất thuộc $\mathbb{R}$ sao cho đối với mọi $n \in \mathbb{N}_+$, tồn tại các $x_1, x_2, \ldots, x_n$ thỏa mãn $n = x_1 x_2 \ldots x_{2023}$, và $x_i$ là một số nguyên tố hoặc một số nguyên dương không vượt quá $n^\lambda$ với mọi $i$ thuộc $\left\{ 1,2, \ldots, 2023 \right\}$.	$\frac{1}{1012}$
Tìm số thực lớn nhất \(c\) sao cho $$\sum_{i=1}^{n}\sum_{j=1}^{n}(n-|i-j|)x_ix_j \geq c\sum_{i=1}^{n}x^2_i$$ với mọi số nguyên dương \(n\) và mọi số thực \(x_1,x_2,\dots,x_n.\)	$\frac{1}{2}$
Cho số nguyên tố $p \geqslant 5$ và $S = \left\{ 1, 2, \ldots, p \right\}$. Định nghĩa $r(x,y)$ như sau:\[ r(x,y) = \begin{cases} y - x & y \geqslant x \\ y - x + p & y < x \end{cases}.\]Với một tập con không rỗng $A$ của $S$, hãy định nghĩa$$f(A) = \sum_{x \in A} \sum_{y \in A} \left( r(x,y) \right)^2.$$Một tập con tốt của $S$ là một tập con không rỗng $A$ thỏa mãn rằng với mọi tập con $B \subseteq S$ có cùng lực lượng với $A$, $f(B) \geqslant f(A)$. Tìm số nguyên lớn nhất $L$ sao cho tồn tại các tập con tốt phân biệt $A_1 \subseteq A_2 \subseteq \ldots \subseteq A_L$.	$2[\log_2(p+1)]$
Cho $P$ là một đa giác đều $99$ cạnh. Gán các số nguyên từ $1$ đến $99$ cho các đỉnh của $P$ sao cho mỗi số nguyên xuất hiện chính xác một lần. (Nếu hai cách gán trùng nhau khi quay, coi chúng là giống nhau.) Một phép toán là đổi chỗ các số nguyên được gán cho một cặp đỉnh kề nhau của $P$. Tìm số nguyên nhỏ nhất $n$ sao cho có thể đạt được mọi cách gán khác từ một cách gán cho trước với không quá $n$ phép toán.	2401
Hãy tìm số nguyên dương nhỏ nhất $n\ge 3$ sao cho tồn tại $n$ điểm $A_1, A_2, \cdots, A_n$ thỏa mãn không có ba điểm nào thẳng hàng và với mọi $1\le i \le n$, tồn tại $1\le j \le n (j\neq i)$, đoạn thẳng $A_jA_{j+1}$ đi qua trung điểm của đoạn thẳng $A_iA_{i+1}$, trong đó $A_{n+1} = A_1$.	6
Tìm số thực lớn nhất $\lambda$ có tính chất sau: đối với bất kỳ số thực dương $p, q, r, s$, tồn tại một số phức $z=a+bi$($a, b \in \mathbb{R}$) sao cho$$ |b| \ge \lambda |a| \quad \text{và} \quad (pz^3+2qz^2+2rz+s) \cdot (qz^3+2pz^2+2sz+r) =0.$$	$\sqrt{3}$
Tìm tất cả số nguyên dương $a$ sao cho tồn tại một tập hợp $X$ gồm $6$ số nguyên thỏa mãn các điều kiện sau: với mỗi $k=1,2,\ldots,36$ đều tồn tại $x,y\in X$ sao cho $ax+y-k$ chia hết cho $37$.	$a \equiv \pm6 \pmod{37}$
Cho tập hợp $S$ với $|S| = 35$. Tập $F$ gồm các ánh xạ từ $S$ vào chính nó được gọi là thỏa mãn tính chất $P(k)$, nếu với mọi $x,y \in S$, tồn tại $f_1, \cdots, f_k \in F$ (không nhất thiết khác nhau), sao cho $f_k(f_{k-1}(\cdots (f_1(x)))) = f_k(f_{k-1}(\cdots (f_1(y))))$. Hãy tìm số nguyên dương nhỏ nhất $m$ sao cho nếu $F$ thỏa mãn tính chất $P(2019)$, thì nó cũng thỏa mãn tính chất $P(m)$.	595
Cho một bảng kích thước $n\times n$, với mỗi ô chứa một số nguyên. Trong mỗi lần di chuyển, tôi có thể chọn bất kỳ ô nào, và cộng $1$ vào toàn bộ $2n-1$ số trong hàng và cột của ô đó. Tìm số lớn nhất $N(n)$ sao cho với bất kỳ lựa chọn ban đầu nào của các số nguyên, tôi có thể thực hiện một số hữu hạn lần di chuyển để có ít nhất $N(n)$ số chẵn trên bảng.	$n^2 - n + 1$
Cho số lẻ $n \geq 3$ và giả sử rằng mỗi ô trên bảng cờ vua $n \times n$ đều được tô màu đen hoặc trắng. Hai ô được xem là liền kề nếu chúng có cùng màu và chung một đỉnh. Hai ô $a,b$ được coi là kết nối nếu tồn tại một dãy các ô $c_1, \ldots, c_k$ với $c_1 = a, c_k = b$ sao cho $c_i, c_{i+1}$ là liền kề đối với $i=1,2,\ldots,k-1$. Hãy tìm số lớn nhất $M$ sao cho tồn tại một cách tô màu với $M$ ô không kết nối với nhau từng đôi một.	$\frac{(n+1)^2}{4} + 1$
Cho $n \geq 5$ là một số nguyên dương và cho $A$ và $B$ là các tập hợp số nguyên thỏa mãn các điều kiện sau: i) $|A| = n$, $|B| = m$ và $A$ là tập con của $B$ ii) Với mọi $x,y \in B$ khác nhau, $x+y \in B$ khi và chỉ khi $x,y \in A$ Hãy xác định giá trị nhỏ nhất của $m$.	$3n-3$
Xác định tất cả các số nguyên $k$ sao cho tồn tại vô số số nguyên dương $n$ không thỏa mãn\[n+k \mid \binom{2n}{n}\]	$k \neq 1, k \in \mathbb{Z}$
Cho $30$ học sinh sao cho mỗi học sinh có nhiều nhất $5$ bạn và trong mỗi $5$ học sinh luôn có một cặp học sinh không phải bạn, hãy xác định số tối đa $k$ sao cho với tất cả các cách bố trí có thể, có tồn tại $k$ học sinh mà không ai trong số họ là bạn của nhau.	6
Cho $p$ là một số nguyên tố. Ta sắp xếp các số trong tập ${\{1,2,\ldots ,p^2\}}$ thành một ma trận $p \times p$ là $A = (a_{ij})$. Tiếp theo, ta có thể chọn bất kỳ hàng hoặc cột nào để cộng thêm $1$ vào mỗi số trong hàng hoặc cột đó, hoặc trừ $1$ từ mỗi số trong hàng hoặc cột đó. Ta gọi cách sắp xếp là "tốt" nếu ta có thể thay đổi mỗi số trong ma trận thành $0$ sau một số hữu hạn các bước như vậy. Có bao nhiêu cách sắp xếp tốt tồn tại?	$2(p!)^2$
Cho $f(x)=(x + a)(x + b)$ với $a, b > 0$. Với mọi số thực $x_1, x_2, \ldots, x_n \geqslant 0$ thỏa mãn $x_1 + x_2 + \ldots + x_n = 1$, hãy tìm giá trị lớn nhất của $F = \sum\limits_{1 \leqslant i < j \leqslant n} {\min \left\{ {f({x_i}), f({x_j})} \right\}}$.	$\frac{n-1}{2} \left( \frac{1}{n} + a + b + nab \right)$
Tìm số nguyên dương nhỏ nhất $k$ sao cho, với mọi tập con $A$ của $S=\{1,2,\ldots,2012\}$ với $|A|=k$, tồn tại ba phần tử $x,y,z$ trong $A$ sao cho $x=a+b$, $y=b+c$, $z=c+a$, ở đó $a,b,c$ là các số nguyên trong $S$ và là các số nguyên phân biệt.	1008
Cho số nguyên dương $n$ cho trước, tập hợp $S=\{1,2,\cdots,n\}$. Với bất kỳ tập hợp không rỗng nào $A$ và $B$, hãy tìm giá trị nhỏ nhất của $|A\Delta S| + |B\Delta S| + |C\Delta S|$, trong đó $C=\{a+b|a\in A, b\in B\}$, $X\Delta Y = X \cup Y - X \cap Y$.	$n+1$
Cho $a_i, b_i, i = 1, \cdots, n$ là các số không âm và $n \ge 4$, sao cho $a_1 + a_2 + \cdots + a_n = b_1 + b_2 + \cdots + b_n > 0$. Tìm giá trị lớn nhất của $\frac{\sum_{i=1}^n a_i(a_i+b_i)}{\sum_{i=1}^n b_i(a_i+b_i)}$.	$n-1$
Cho các số nguyên dương $k \ge 2$ và $m$ đủ lớn. Đặt $\mathcal{F}_m$ là họ vô hạn của tất cả các ma trận nhị phân (không nhất thiết phải là ma trận vuông) chứa chính xác $m$ số 1. Ký hiệu $f(m)$ là số nguyên tối đa $L$ sao cho với mọi ma trận $A \in \mathcal{F}_m$, luôn tồn tại một ma trận nhị phân $B$ cùng kích thước thỏa mãn (1) $B$ có ít nhất $L$ phần tử 1; (2) mọi phần tử của $B$ đều nhỏ hơn hoặc bằng phần tử tương ứng của $A$; (3) $B$ không chứa bất kỳ tiểu ma trận $k \times k$ nào mà tất cả phần tử đều bằng 1. Xác định  \[\lim_{m \to \infty} \frac{\ln f(m)}{\ln m}\]	$\frac{k}{k+1}$
Cho $A$ là một tập hợp hữu hạn của $\mathbb{R}^d$ sao cho (a) trong mỗi ba điểm phân biệt trong $A$, có hai điểm cách nhau đúng một đơn vị, và (b) chuẩn Euclid của mỗi điểm $v$ trong $A$ thỏa mãn\[\sqrt{\frac{1}{2}-\frac{1}{2\vert A\vert}} \le \|v\| \le \sqrt{\frac{1}{2}+\frac{1}{2\vert A\vert}}.\]Tìm số phần tử lớn nhất của $A$.	$2d+4$
Cho $M(t)$ là hàm số đo được và bị chặn cục bộ, tức là\[ M(t) \le C_{a,b}, \quad \forall 0 \le a \le t \le b<\infty \]với một hằng số $C_{a,b}$, từ $[0,\infty)$ đến $[0,\infty)$ sao cho\[ M(t) \le 1+\int_0^t M(t-s)(1+t)^{-1}s^{-1/2} ds, \quad \forall t \ge 0. \]Tìm giá trị lớn nhất của $M(t)$ khi $t \ge 0$.	$10+2\sqrt{5}$
Cho $M=\bigoplus_{i \in \mathbb{Z}} \mathbb{C}e_i$ là một không gian véc-tơ $\mathbb{C}$ vô hạn chiều, và gọi $\text{End}(M)$ là $\mathbb{C}$-đại số của các ánh xạ tự hình $\mathbb{C}$-tuyến tính của $M$. Gọi $A$ và $B$ là hai phần tử giao hoán trong $\text{End}(M)$ thỏa mãn điều kiện sau: tồn tại các số nguyên $m \le n<0<p \le q$ và thỏa mãn $\text{gcd}(-m,p)=\text{gcd}(-n,q)=1$, sao cho đối với mỗi $j \in \mathbb{Z}$, ta có\[Ae_j=\sum_{i=j+m}^{j+n} a_{i,j}e_i, \quad \text{với } a_{i,j} \in \mathbb{C}, a_{j+m,j}a_{j+n,j} \ne 0,\]\[Be_j=\sum_{i=j+p}^{j+q} b_{i,j}e_i, \quad \text{với } b_{i,j} \in \mathbb{C}, b_{j+p,j}b_{j+q,j} \ne 0.\]Gọi $R \subset \text{End}(M)$ là $\mathbb{C}$-đại số con sinh bởi $A$ và $B$. Chú ý rằng $R$ là giao hoán và $M$ có thể được xem như một $R$-mô-đun. Gọi $K$ là trường phân số của $R$, $M \otimes_R K$ là một không gian véc-tơ có chiều $h$ trên $K$. Giá trị của $h$ là bao nhiêu?	1
Xét một bảng vuông $n$-by-$n$ với các ô đơn vị cho một số nguyên dương lẻ $n$. Ta nói rằng một tập hợp $C$ gồm các quân cờ domino giống hệt nhau là một cấu hình ô lưới tối đa trên bảng nếu $C$ bao gồm $(n^2-1)/2$ quân domino, mỗi quân domino bao phủ chính xác hai ô liền kề và các quân cờ domino không chồng chéo lên nhau: $C$ sau đó sẽ bao phủ tất cả trừ một ô trên bảng. Chúng ta được phép trượt (nhưng không xoay) một quân domino trên bảng để bao phủ ô còn trống, tạo ra một cấu hình ô lưới tối đa mới với một ô khác còn trống. Gọi $k(C)$ là số cấu hình ô lưới tối đa khác nhau có thể đạt được từ $C$ bằng cách trượt các quân domino liên tiếp. Tìm giá trị lớn nhất của $k(C)$ như một hàm số của $n$.	$(\frac{n+1}{2})^2$
Tìm tất cả các cặp số nguyên tố $(p, q)$ sao cho $p-q$ và $pq-q$ đều là các số chính phương.	$(3,2)$
Một tập hữu hạn $S$ các điểm trên mặt phẳng tọa độ được gọi là quá định nếu $|S|\ge 2$ và tồn tại một đa thức $P(t)$ khác không, với hệ số thực và bậc nhiều nhất là $|S|-2$, thỏa mãn $P(x)=y$ cho mọi điểm $(x,y)\in S$. Với mỗi số nguyên $n\ge 2$, tìm số nguyên lớn nhất $k$ (theo $n$) sao cho tồn tại một tập hợp gồm $n$ điểm phân biệt không phải là quá định, nhưng có $k$ tập con quá định.	$2^{n-1} - n$
Tìm tất cả các đa thức $P$ với các hệ số thực sao cho\[\frac{P(x)}{yz}+\frac{P(y)}{zx}+\frac{P(z)}{xy}=P(x-y)+P(y-z)+P(z-x)\]đúng với mọi số thực khác 0 $x,y,z$ thoả mãn $2xyz=x+y+z$.	$P(x)=c(x^2+3)$ for any constant $c$
Hãy tìm tất cả các hàm số $f:(0,\infty) \to (0,\infty)$ sao cho \[f\left(x+\frac{1}{y}\right)+f\left(y+\frac{1}{z}\right)+f\left(z+\frac{1}{x}\right) = 1\] với tất cả $x,y,z > 0$ thỏa mãn $xyz = 1.$	$f(x) = \frac{k}{1+x} + \frac{1-k}{3} \left( -\frac{1}{2} \le k \le 1 \right)$
Cho $\mathbf{Z}$ là tập hợp các số nguyên. Tìm tất cả các số thực $c > 0$ sao cho có một cách gán nhãn các điểm mắt lưới $( x, y ) \in \mathbf{Z}^2$ với các số nguyên dương sao cho: chỉ có một số hữu hạn nhãn khác nhau xuất hiện và với mỗi nhãn $i$, khoảng cách giữa bất kỳ hai điểm có cùng nhãn $i$ ít nhất là $c^i$.	$0 < c < \sqrt{2}$
Tìm giá trị nhỏ nhất có thể của \[\frac{a}{b^3+4}+\frac{b}{c^3+4}+\frac{c}{d^3+4}+\frac{d}{a^3+4},\] với điều kiện \(a, b, c, d\) là các số thực không âm sao cho \(a+b+c+d=4\).	$\frac{2}{3}$
Cho $S = \{1, 2, ..., n\}$, trong đó $n \ge 1$. Mỗi một trong $2^n$ tập con của $S$ sẽ được tô màu đỏ hoặc xanh. (Tập con được tô màu chứ không phải các phần tử riêng lẻ của nó.) Với bất kỳ tập $T \subseteq S$, ta viết $f(T)$ là số lượng các tập con của $T$ có màu xanh. Xác định số cách tô màu sao cho thỏa mãn điều kiện sau: với bất kỳ các tập con $T_1$ và $T_2$ của $S$,\[f(T_1)f(T_2) = f(T_1 \cup T_2)f(T_1 \cap T_2).\]	$1 + 3^n$
Cho $\mathbb{Z}$ là tập hợp các số nguyên. Tìm tất cả các hàm $f : \mathbb{Z} \rightarrow \mathbb{Z}$ sao cho\[xf(2f(y)-x)+y^2f(2x-f(y))=\frac{f(x)^2}{x}+f(yf(y))\] với mọi $x, y \in \mathbb{Z}$ và $x \neq 0$.	$f(x)=0$ and $f(x)=x^2$
Cho $k$ là một số nguyên dương. Hai người chơi $A$ và $B$ tham gia một trò chơi trên một lưới vô hạn gồm các hình lục giác đều. Ban đầu tất cả các ô trong lưới đều trống rỗng. Sau đó, các người chơi lần lượt thay phiên nhau di chuyển, với $A$ đi đầu tiên. Trong lượt của mình, $A$ có thể chọn hai hình lục giác liền kề trong lưới đang trống và đặt một quân cờ vào mỗi ô đó. Trong lượt của mình, $B$ có thể chọn bất kỳ quân cờ nào trên bàn cờ và loại bỏ nó. Nếu bất cứ lúc nào có $k$ ô lưới liên tiếp trên một đường thẳng mà tất cả các ô này đều chứa quân cờ, $A$ sẽ thắng. Tìm giá trị nhỏ nhất của $k$ mà tại đó $A$ không thể thắng trong một số hữu hạn lượt di chuyển, hoặc chứng minh rằng không tồn tại giá trị nhỏ nhất như vậy.	6
Cho dãy  số $2010$ số dương $a_1, a_2, \ldots , a_{2010}$ thỏa mãn bất đẳng thức $a_i a_j \le i + j$ với mọi chỉ số phân biệt $i, j$. Hãy xác định, cùng với lập luận chứng minh, giá trị lớn nhất có thể của tích $a_1a_2\cdots a_{2010}$.	$\prod_{i=1}^{1005}(4i-1)$
Một bảng đen chứa 68 cặp số nguyên khác 0. Giả sử rằng với mỗi số nguyên dương $k$, tối đa một trong các cặp $(k, k)$ và $(-k, -k)$ được viết trên bảng đen. Một học sinh xóa một số số trong 136 số nguyên, với điều kiện rằng không có hai số nào bị xóa mà tổng của chúng bằng 0. Học sinh đó sau đó được tính một điểm cho mỗi một trong số 68 cặp mà trong đó có ít nhất một số bị xóa. Hãy xác định, cùng với chứng minh, số điểm lớn nhất $N$ mà học sinh có thể đảm bảo đạt được bất kể 68 cặp nào đã được viết trên bảng.	43
Cho một số nguyên tố $p$, ta ký hiệu $\mathbb{F}_p$ là các số nguyên theo modulo $p$, và $\mathbb{F}_p[x]$ là tập hợp các đa thức với hệ số trong $\mathbb{F}_p$. Tìm tất cả các $p$ sao cho tồn tại một đa thức bậc bốn $P(x) \in \mathbb{F}_p[x]$ để với mọi số nguyên $k$, có tồn tại một số nguyên $\ell$ sao cho $P(\ell) \equiv k \pmod p$. (Lưu ý rằng có tổng cộng $p^4(p-1)$ đa thức bậc bốn trong $\mathbb{F}_p[x]$.)	${2,3,7}$
Tìm số nguyên dương nhỏ nhất \(M\) sao cho tồn tại một số nguyên dương \(n\) và các đa thức \(P_1(x)\), \(P_2(x)\), \(\ldots\), \(P_n(x)\) với các hệ số nguyên thỏa mãn\[Mx=P_1(x)^3+P_2(x)^3+\cdots+P_n(x)^3.\]	6
Cho $\mathcal{P}$ là một đa giác đều $2022$ cạnh có diện tích bằng $1$. Hãy tìm một số thực $c$ sao cho, nếu các điểm $A$ và $B$ được chọn một cách độc lập và ngẫu nhiên trên chu vi của $\mathcal{P}$, thì xác suất để $AB \geq c$ bằng $\frac{1}{2}$.	$\sqrt{\frac{2}{\pi}}$
Cho $A$ là nhóm Artin loại hình cầu $E_8$, và $Z$ là tâm của nó. Có bao nhiêu phần tử xoắn có bậc $10$ trong nhóm $A/Z$ có thể được viết dưới dạng từ dương bằng các phần tử sinh chuẩn, và độ dài từ của chúng là ngắn nhất trong tất cả các phần tử xoắn có bậc $10$?	624
Cho mỗi số tự nhiên $n$, hãy xét ma trận $A_n$ kích thước $2^n\times 2^n$ được đánh chỉ số bởi các tập con của một tập hợp có $n$ phần tử, được định nghĩa bởi $A_n[S,T]=0$ nếu $S\cap T=\emptyset$ và $A_n[S,T]=1$ nếu $S\cap T e\emptyset$. Gọi $c_n$ là giá trị lớn nhất của $\|A_n\circ U\|$ với bất kỳ ma trận đơn vị nào $U$, trong đó $\circ$ ký hiệu tích Hadamard (tích từng phần tử) và $\|\cdot\|$ là chuẩn phổ. Tốc độ tăng trưởng của $c_n$ khi $n\to\infty$ có thể được viết là $c_n=\Theta(\alpha^n)$. Xác định giá trị của $\alpha$.	$\frac{2}{\sqrt{3}}$
Xét một hình xuyến rời rạc hai chiều $n$-torus $\mathbb{T}_n=\mathbb{Z}^2/n\mathbb{Z}^2$ với $n\geq 10$, gọi $0$ là một đỉnh cố định của $\mathbb{T}_n$, và gọi $x_0$ là một đỉnh khác của $\mathbb{T}_n$ sao cho nó có chính xác hai đỉnh hàng xóm chung với $0$. Chạy một bước ngẫu nhiên đơn giản theo thời gian rời rạc trên $\mathbb{T}_n$ cho đến thời gian $t_n=n^2 \ln^2 n$. Tìm giới hạn (khi $n\to\infty$) của xác suất có điều kiện $P[x_0 \text{ chưa bị ghé thăm trước thời gian }t_n \mid 0 \text{ chưa bị ghé thăm trước thời gian }t_n]$.	$e^{-\pi/2}$
Cho $a_n$ là số cách phân hoạch một tập hợp $n$-phần tử $X$ thành các tập con không rỗng $X_i$, sau đó đặt một thứ tự yếu trên mỗi tập con $X_i$, nghĩa là một thứ tự toàn bộ nhưng có thể chấp nhận các phần tử bằng nhau. Giá trị số chính xác của $a_{21}$ là bao nhiêu?	4667348672819419628992129
Xét đa thức $f(x) = x^7 - 14x^5 + 56x^3 - 56x + 22$. Mật độ tự nhiên của tập hợp các số nguyên tố $p$ sao cho $f(x)$ không thể phân tích thành các đa thức bậc thấp hơn theo $\bmod p$ là bao nhiêu?	$\frac{2}{7}$
Cho $a,b$  là các số nguyên dương. Gọi số nguyên $k$ là "có thể chấp nhận được" nếu tồn tại ma trận phức $a \times b$ $A_1, \ldots, A_{ab}$ thỏa mãn các điều kiện sau: 1. Mỗi  $A_i$ điều kiện sau: đều khác không 2. $\text{tr}(A_i^\dagger A_j) = 0$  bất cứ khi nào $i \neq j 3. chính xác k trong số các ma trận  $A_i$ có hạng 1. Có bao nhiêu số nguyên trong phạm vi $0,1,...,ab$ không chấp nhận được? Lưu ý: $\dagger$ đề cập đến phép liên hợp Hermitian, tức là chuyển vị liên hợp của một ma trận.	1
Với một số nguyên dương lẻ $n > 1$ và một số nguyên dương $k \ge n$, bạn có một danh sách $S$ gồm $n$ số nguyên khác nhau, mỗi số nằm trong khoảng $[-k, k]$. Trong $n$ ngày tới, mỗi buổi sáng, bạn có thể xóa hai số $x$ và $y$ khỏi danh sách $S$ và thêm $x+y$ và $-x-y$ vào danh sách $S$, lưu ý rằng có thể có sự lặp lại của các phần tử trong danh sách $S$. Có bao nhiêu giá trị ban đầu của $S$ mà không thể thực hiện được một chuỗi các thao tác sao cho sau $n$ ngày, danh sách $S$ chỉ toàn số không?	$\binom{k}{n}2^{n}$
Xét tập mở $U \subseteq \mathbb{P}(H^0(\mathbb{P}^2, \mathcal{O}(4)))$ của các (phương trình của) siêu mặt phẳng bậc bốn trơn trong $\mathbb{P}^2$. Tập này có một hành động tự nhiên bởi nhóm $G=\mathrm{PGL}(3)=\mathrm{Aut}(\mathbb{P}^2)$. Đặc trưng Euler orbifold $[U/G]$ là gì?	$\frac{5}{2016}$
Xét tất cả các loại nút có thể được biểu diễn bằng các sơ đồ phẳng với chính xác 7 điểm giao cắt. (Nếu hai nút khác nhau bởi việc phép đối xứng gương, chúng ta coi chúng có cùng loại nút.) Tỷ lệ phần trăm của các nút này là nút hyperbolic là bao nhiêu?	$\frac{11}{18}$
Có 42 nhà nghiên cứu học máy tại một hội nghị muốn ngồi tại các bàn với ba ghế mỗi bàn. Mỗi nhà nghiên cứu đã đồng tác giả với 24 nhà nghiên cứu khác, và có chính xác 2027 cấu hình bàn, tức là việc sắp xếp 3 nhà nghiên cứu vào một bàn, trong đó không ai trong số họ đã đồng tác giả với nhau. Có bao nhiêu cấu hình bàn mà cả ba nhà nghiên cứu đều đã đồng tác giả với nhau?	955
Kích thước lớn nhất $|S|$ của một tập $S \in \mathbb{C} \setminus \mathbb{R}$ là bao nhiêu, sao cho tất cả các phần tử của tập này đều là các trị riêng của cùng một ma trận $A \in \mathbb{C}^{n \times n}$ thỏa điều kiện $A^3=A^*$, trong đó $A^*$ là ma trận liên hợp Hermite (ma trận phụ hợp)?	6
Một trình mã hóa từ vựng có tập từ vựng $V$ với kích thước $|V|=:n=99$. Đối với mỗi dãy đầu vào $w=(w_1,\dots,w_{99})$, xác định trọng số của nó là nghịch đảo của số lượng các token duy nhất tăng thêm một lần mà không xuất hiện trong nó: $a(w)=(n+1-\left |\cup_{i=1}^n \{w_i\}\right|)^{-1}$. Tính $\sum_{w\in V^{99}}a(w)$. Hãy viết câu trả lời của bạn dưới dạng lũy thừa của $10$.	$10^{980}$
Cho $k \geq 3$ là một số nguyên tố. Ta ký hiệu $K_k$ là đồ thị đầy đủ trên $k$ đỉnh. Ký hiệu $\Delta_k$ là phức hình trừu tượng được định nghĩa như sau: - Tập hợp cơ bản của $\Delta_k$ là $E(K_k)$. - Một tập con không rỗng $A$ của $E(K_k)$ là độc lập (còn gọi là một "mặt") nếu và chỉ nếu đồ thị $(V(K_k),A)$ có bậc không quá 2. Ta ký hiệu $\hat{\chi}(\Delta_k)$ là đặc trưng Euler giảm của $\Delta_k$. Tính $\hat{\chi}(\Delta_k) \mod k$	$\frac{k-3}{2}$
Một hình vuông được vẽ trên một mặt phẳng, và một điểm được đánh dấu trên mỗi cạnh của nó. Sau đó hình vuông bị xoá đi, và bốn điểm đánh dấu còn lại. Làm thế nào để bạn có thể tìm các đỉnh của hình vuông từ đó (tức là khôi phục lại hình vuông)? Giả sử tọa độ của các điểm đánh dấu là (0.3511,0.2027), (0.6753,0.8303), (-0.2845,0.9905) và (-0.128,0.2218). Xác định tọa độ các đỉnh của hình vuông. Trong câu trả lời của bạn, hãy viết ra 4 cặp tọa độ của các đỉnh của hình vuông với độ chính xác 2 chữ số thập phân sau dấu phẩy, theo thứ tự tăng dần của tọa độ x.	(-0.5,0.87),(0,0),(0.37,1.37),(0.87,0.5)
Cho một tập hợp compact $C$ trên mặt phẳng thỏa mãn điều kiện sau: Với mọi phương hướng, luôn tồn tại một đường thẳng $l$ theo phương hướng đó sao cho kích thước của $l \cap C$ ít nhất là $\frac{1}{2}$. Kích thước nhỏ nhất có thể của $C$ là bao nhiêu?	$\frac{5}{4}$
Cho $B_n$ là nhóm bím tóc trên $n$ sợi. Với $1 \leqslant n \in \mathbb{Z}$, gọi $tr_n$ là dấu vết Ocneanu tương ứng, $H_n$ là đại số Iwahori-Hecke đa tham số được trải rộng bởi $\left\{ T_w | w\in S_n \right\}$, trong đó $S_n$ là nhóm đối xứng trên $n$ phần tử. Cuối cùng, để $f_n : B_n \rightarrow H_n$ được cho bởi $f_n (\sigma_i) = T_i$. Tính $tr_2 \circ f_2 (\sigma_1 ^{-3})$.	$2q^{-1}+q^{-2}(z^2-1)$
Tìm giá trị chính xác của góc $\alpha$ (theo radian) dưới dạng $\arctan()$ cho sự ổn định $A(\alpha)$ của sơ đồ số BDF4.	$-\arctan(-\sqrt{24}\frac{699}{1024})$
Cho $f(x)=x^3+ax^2+bx+c$, trong đó $a,b\in\mathbb{R}$. Giả sử rằng không có $k\in\mathbb{Z}$ nào sao cho $$f(k-1)f(k+1)<0.$$ Giả sử rằng $f'(-1/4)=-1/4$ và $f'(1/4)<0$. Tính giá trị chính xác của $f(3)$. Hãy cung cấp giá trị chính xác nếu nó là một phân số, và đừng làm tròn.	$\frac{87}{4}$
Xét bề mặt $S$ của một hình lập phương có độ dài cạnh là $s$. Gọi $P$ là một trong các đỉnh của hình lập phương, và $D\subset S$ là tập hợp các điểm trên $S$ có khoảng cách đến $P$ không vượt quá $\sqrt{2} \cdot s$, trong đó khoảng cách được đo theo bề mặt. Chia diện tích của $D$ cho diện tích của $S$, để đáp án dưới dạng chính xác.	$\frac{\pi + 3 \sqrt{3} - 3}{6}$
Cho S là một bề mặt K3 và C là một đường cong phức của giống 2. Hơn nữa, cho $\rho$ là một phép đối xứng không đối xứng của S và $\psi$ là một phép đối xứng của C. $\rho$ và $\psi$ cùng nhau định nghĩa một phép đối xứng $\rho\times\psi$ của tích Đề-cát S\times C. Phân ngẫu của tích S\times C bởi phép đối xứng là một không gian quỹ tích phức. Gọi M là đa tạp trơn mà chúng ta có được bằng cách thổi tung lên nơi kì dị. Giá trị cực đại của số Hodge $h^{1,1}$ có thể đạt được bằng xây dựng này là bao nhiêu?	81
Hãy xét hệ phương trình vi phân: $$d'(t)=2d^2(t)+(-3u(t)+5u^2(t))d(t)-u(t)(1-u(t))u^2(t), \ u'(t)=(u(t)-1)u^2(t).$$ Chúng ta xét mặt phẳng pha của hệ trên nửa mặt phẳng trên  $u\geq 0$. Tìm đường phân tách của hệ này.	$d=u-u^2$
Đối với một số nguyên dương \( n \), định nghĩa \( f(n) \) là số nguyên dương nhỏ nhất thỏa mãn tính chất sau: Đối với bất kỳ \( n \) số nguyên dương \( x_1, x_2, \dots, x_n \), hàm \( \nu_2\left( \sum_{i \in I} x_i \right) \), trong đó \( I \) biến thiên trên tất cả các tập con không rỗng của \( \{1, 2, \dots, n\} \), nhận nhiều nhất \( f(n) \) giá trị nguyên khác nhau. Tìm \[\lim_{n \to \infty} \frac{f(n)}{n \log_2 n}.\]	$\frac{1}{2}$
Có bao nhiêu rừng gốc chiều cao hơn $(F,R)$ của phép phân chia tam giác chuẩn của dải Möbius mà rừng $F$ không sụp đơn giản lên điểm gốc $R$?	2
Xác định số nhỏ nhất N sao cho bất kỳ số nào $\geq N$ đều có thể được viết dưới dạng tổng của những số khác nhau của dạng $2n^2 + 3n + 1$.	494
Bạn được giao nhiệm vụ thiết kế cánh máy bay tối ưu hóa hiệu suất khí động học và tiêu thụ nhiên liệu. Bề mặt cánh được mô hình hóa bởi bề mặt trơn, gọn $ S $ trong $ \mathbb{R}^3 $, được định nghĩa bởi các phương trình tham số $ x(u, v) = (u \cos v, u \sin v, \ln(u+1)) $ với $ u $ trong khoảng $ [1, 3] $ và $ v $ trong $ [0, 2\pi) $. Mục tiêu của bạn là phân tích các tính chất độ cong của bề mặt cánh tại điểm cụ thể $ (u, v) = (2, \frac{\pi}{4}) $ để có thể thực hiện các điều chỉnh nhằm nâng cao hiệu suất khí động học. Tiếp theo, tính độ cong trung bình $H$ của bề mặt cánh tại $ (2, \frac{\pi}{4}) $. Làm tròn kết quả cuối cùng của bạn đến ba chữ số thập phân.	-0.127
