টার্বো নামের শামুক একটি বোর্ডে একটি খেলা খেলে যেখানে $2024$ টি সারি এবং $2023$ টি কলাম রয়েছে। $2022$ টি ঘরে লুকানো দানব রয়েছে। প্রাথমিকভাবে, টার্বো জানে না দানবগুলো কোথায় আছে, তবে সে জানে যে প্রথম এবং শেষ সারি ব্যতীত প্রতিটি সারিতে ঠিক একটি করে দানব আছে এবং প্রতিটি কলামে একটির বেশি দানব নেই। টার্বো প্রথম সারি থেকে শেষ সারিতে যাওয়ার জন্য একাধিক প্রচেষ্টা চালায়। প্রতিটি প্রচেষ্টায়, সে প্রথম সারির যেকোনো একটি ঘর থেকে শুরু করতে পারে, এবং বারবার এমন সংলগ্ন ঘরে যেতে পারে, যার সাথে সাধারণ একটি পার্শ্ব ভাগ করে। (সে পূর্বে পরিদর্শন করা ঘরে ফিরে যেতে পারে)। যদি সে কোনো দানবসহ ঘরে পৌঁছায়, তার চেষ্টা শেষ হয় এবং তাকে নতুন প্রচেষ্টা শুরু করতে প্রথম সারিতে ফিরিয়ে আনা হয়। দানবগুলো নড়ে না, এবং টার্বো মনে রাখে যে সে কোন কোন ঘর পরিদর্শন করেছে যাতে দানব আছে কিনা। যদি সে শেষ সারির কোনো ঘরে পৌঁছায়, তবে তার প্রচেষ্টা শেষ হয় এবং খেলা শেষ হয়ে যায়। $n$-এর ন্যূনতম মান নির্ধারণ করুন, যার জন্য টার্বোর এমন একটি কৌশল রয়েছে যা দানবগুলোর অবস্থান যাই হোক না কেন, নিশ্চিতভাবে $n$-তম প্রচেষ্টা বা তার আগেই শেষ সারিতে পৌঁছাতে সক্ষম হবে।।	3
ধরা যাক $\mathbb{Q}$ যুক্তিসংগত সেট। একটি ফাংশন $f: \mathbb{Q} \to \mathbb{Q}$ অ্যাকোয়েসুলিয়ান বলা হয় যদি নিম্নোক্ত বৈশিষ্ট্যটি ধরে থাকে: যেকোনো $x,y \in \mathbb{Q}$,\[ f(x+f(y)) = f(x) + y \quad \text{or} \quad f(f(x)+y) = x + f(y). \] প্রমাণ করুন যে এমন একটি পূর্ণসংখ্যা $c$ বিদ্যমান যা কোনো অ্যাকোয়েসুলিয়ান ফাংশন $f$ এর জন্য $f(r) + f(-r)$ আকারের যুক্তিসংগত সংখ্যার সর্বাধিক $c$ টি বিভিন্ন মান রয়েছে যেখানে $r$ একটি যুক্তিসংগত সংখ্যা, এবং $c$-এর ক্ষুদ্রতম সম্ভাব্য মান নির্ণয় করুন।	2
ধরি $n$ একটি ধনাত্মক পূর্ণসংখ্যা। একটি জাপানি ত্রিভুজ $1 + 2 + \dots + n$ বৃত্ত নিয়ে গঠিত, যেগুলোকে সমবাহু ত্রিভুজ এর আকারে এমনভাবে সাজানো হয় যে প্রতি $i = 1$, $2$, $\dots$, $n$ এর জন্য $i^{th}$ সারিতে ঠিক $i$টি বৃত্ত থাকে এবং এর মধ্যে ঠিক একটি বৃত্ত লাল রঙের হয়। একটি জাপানি ত্রিভুজে একটি নিনজা পথ হলো $n$ বৃত্তের একটি ক্রম, যা শীর্ষ সারি থেকে শুরু হয়, তারপর ক্রমান্বয়ে একটি বৃত্ত থেকে দুটি নিচের বৃত্তের যে কোন একটিতে চলে যায় এবং শেষ হয় নিচের সারিতে। নিচে $n = 6$ একটি জাপানি ত্রিভুজ এবং তাতে একটি নিনজা পথের উদাহরণ দেখানো হয়েছে, যেখানে দুটি লাল বৃত্ত রয়েছে। [asy] // credit to vEnhance for the diagram (which was better than my original asy): size(4cm);  pair X = dir(240); pair Y = dir(0);  path c = scale(0.5)*unitcircle;  int[] t = {0,0,2,2,3,0};  for (int i=0; i < =5; ++i) {     for (int j=0; j < =i; ++j) {  filldraw(shift(i*X+j*Y)*c, (t[i]==j) ? lightred : white);  draw(shift(i*X+j*Y)*c);     }  }  draw((0,0)--(X+Y)--(2*X+Y)--(3*X+2*Y)--(4*X+2*Y)--(5*X+2*Y),linewidth(1.5));  path q = (3,-3sqrt(3))--(-3,-3sqrt(3));  draw(q,Arrows(TeXHead, 1));  label("<span class="math-blue">$n = 6$</span>", q, S); label("<span class="math-blue">$n = 6$</span>", q, S); [/asy] $n$-এর শর্তানুসারে, $k$ এর সর্বাধিক মান নির্ণয় করুন যাতে প্রতিটি জাপানি ত্রিভুজে এমন একটি নিনজা পথ থাকে যা কমপক্ষে $k$টি লাল বৃত্ত ধারণ করে।	$\lfloor \log_{2} n  \rfloor + 1$
"ধরা যাক $n$ একটি ধনাত্মক পূর্ণ সংখ্যা। একটি নর্ডিক বর্গক্ষেত্র হল $n \times n$ বোর্ড যা $1$ থেকে $n^2$ সব পূর্ণ সংখ্যা ধারণ করে যাতে প্রতিটি কক্ষে শুধুমাত্র একটি সংখ্যা থাকে। দুটি ভিন্ন কক্ষকে সংলগ্ন গণ্য করা হয় যদি তাদের একটি সাধারণ পার্শ্ব থাকে। যেকোন কক্ষ যা শুধুমাত্র বড় সংখ্যাযুক্ত কক্ষগুলির সাথে সংলগ্ন সেটাকে একটি উপত্যকা বলা হয়। একটি উত্থানপথ হল এক বা একাধিক কক্ষের একটি ক্রম যাতে: (i) ক্রমের প্রথম কক্ষটি একটি উপত্যকা হয়, (ii) ক্রমের প্রতিটি পরবর্তী কক্ষটি পূর্ববর্তী কক্ষের সাথে সংলগ্ন হয়, এবং (iii) ক্রমের কক্ষগুলিতে লেখা সংখ্যাগুলি বর্ধমান ক্রমে থাকে। $n$ এর একটি ফাংশন, একটি নর্ডিক বর্গক্ষেত্রে উত্থানপথগুলির সম্ভাব্য সর্বনিম্ন মোট সংখ্যা নির্ণয় করুন।"	$2n^2 - 2n + 1$
প্রফেসর ওক তার $100$ পোকেমনকে খাওয়াচ্ছেন। প্রত্যেকটি পোকেমনের একটি বাটি রয়েছে যার ধারণ ক্ষমতা কিলোগ্রামে একটি ধনাত্মক বাস্তব সংখ্যা। এই ধারণ ক্ষমতাগুলি প্রফেসর ওকের কাছে জানা আছে। সমস্ত বাটির মোট ধারণ ক্ষমতা $100$ কিলোগ্রাম। প্রফেসর ওক $100$ কিলোগ্রাম খাবার এভাবে ভাগ করেন যাতে প্রত্যেকটি পোকেমন অ-ঋণাত্মক পূর্ণসংখ্যা কিলোগ্রাম পরিমাণে খাবার পায় (যা বাটির ধারণ ক্ষমতার চেয়ে বেশি হতে পারে)। একজন পোকেমন যে $N$ কিলোগ্রাম খাবার পেয়েছে এবং যার বাটির ধারণ ক্ষমতা $C$ কিলোগ্রাম, তার অসন্তুষ্টির স্তর $\lvert N-C\rvert$ দিয়ে প্রকাশিত হয়। এখন, এমন ক্ষুদ্রতম বাস্তব সংখ্যা $D$ নির্ণয় করুন, যাতে বাটির ধারণ ক্ষমতাগুলির যেকোনো মান থাকলেও, প্রফেসর ওক খাবার এভাবে ভাগ করতে পারেন যাতে সমস্ত $100$ পোকেমনের অসন্তুষ্টির স্তরের যোগফল সর্বোচ্চ $D$ হয়।	50
ধনাত্মক পূর্ণসংখ্যা $a_1,\dots,a_L$ এর একটি অনুক্রমের সর্বাধিক দৈর্ঘ্য $L$ নির্ধারণ করুন যা নিচের দুইটি শর্ত পূরণ করে: অনুক্রমের প্রতিটি পদ $2^{2023}$ এর চেয়ে কম বা সমান, এবং অনুক্রমে এমন কোনো ধারাবাহিক উপ-অনুক্রম $a_i,a_{i+1},\dots,a_j$ (যেখানে $1\le i\le j\le L$) নেই যার জন্য $s_i,s_{i+1},\dots,s_j\in\{1,-1\}$ এর কোনো এক সেট চিহ্ন নিয়ে\[s_ia_i+s_{i+1}a_{i+1}+\dots+s_ja_j=0.\]পূরণ করে।	$2^{2024} - 1$
ধরা যাক $n\geqslant 2$ একটি ধনাত্মক পূর্ণসংখ্যা। পল এর একটি $1\times n^2$ আয়তাকার ফালা রয়েছে যা $n^2$ একক বর্গক্ষেত্র নিয়ে গঠিত, যেখানে $i^{\text{th}}$ বর্গক্ষেত্রটি $i$ দ্বারা চিহ্নিত করা হয়েছে সকল $1\leqslant i\leqslant n^2$ এর জন্য। তিনি ফালাটি কয়েকটি টুকরোই কেটে নিতে চান, যেখানে প্রতিটি টুকরো এক বা একাধিক পরপর একক বর্গক্ষেত্র নিয়ে গঠিত, এবং তারপর টুকরোগুলোকে কোনোরকম ঘোরানো বা উল্টানো ছাড়াই এমনভাবে স্থানান্তর করতে চান যাতে একটি $n\times n$ বর্গক্ষেত্র পাওয়া যায় নিম্নলিখিত শর্তটি পূরণসহ: যদি $i^{\text{th}}$ সারির এবং $j^{\text{th}}$ কলামের একক বর্গক্ষেত্রটি $a_{ij}$ দ্বারা চিহ্নিত হয়, তবে $a_{ij}-(i+j-1)$, $n$ দ্বারা বিভাজ্য হবে। পলকে এটি করার জন্য সর্বনিম্ন কতগুলি টুকরা করতে হবে তা নির্ধারণ করুন।	$2n - 1$
ইমোমি দ্বীপপুঞ্জে $n\geq 2$ দ্বীপ রয়েছে। প্রতিটি পৃথক দ্বীপজুড়ির মধ্যে একটি অনন্য ফেরি লাইন বিদ্যমান যা উভয় দিকেই চলে, এবং প্রতিটি ফেরি লাইন $k$ কম্পানির কোনো একটির দ্বারা পরিচালিত হয়। জানা গেছে, যদি $k$ কোম্পানির মধ্যে যেকোনো একটি তার সমস্ত ফেরি লাইন বন্ধ করে দেয় তবে তা ঐ ভ্রমণকারীর পক্ষে, সে যেখান থেকেই শুরু করুক না কেন, সমস্ত দ্বীপ একবার করে পরিদর্শন করা অসম্ভব হয়ে পড়ে (বিশেষ করে, যে দ্বীপ থেকে ভ্রমণ শুরু করা হয়েছিল সেখানে পুনরায় ফিরে না এসে)। $n$ এর পরিপ্রেক্ষিতে $k$-এর সর্বাধিক সম্ভাব্য মান নির্ণয় করুন।	$\lfloor \log_{2}n \rfloor$
ধরা যাক, $a_1, \dots, a_n, b_1, \dots, b_n$ হল $2n$ ধনাত্মক পূর্ণসংখ্যা এমনভাবে রয়েছে যে $n+1$ প্রতিঃ\[a_1 a_2 a_3 \cdots a_n, b_1 a_2 a_3 \cdots a_n, b_1 b_2 a_3 \cdots a_n, \dots, b_1 b_2 b_3 \cdots b_n\]সেই ক্রমে কঠোরভাবে বৃদ্ধিশীল গাণিতিক ক্রম গঠন করে। এমন গাণিতিক ক্রমের সাধারণ অন্তরটির সম্ভাব্য ক্ষুদ্রতম পূর্ণসংখ্যা নির্ণয় কর।	$n!$
ধরা যাক $k\ge2$ একটি পূর্ণসংখ্যা। এমন সবচেয়ে ছোট পূর্ণসংখ্যা $n \ge k+1$ নির্ণয় কর, যাতে $n$ ভিন্ন বাস্তব সংখ্যার একটি সেট থাকা সম্ভব, যেখানে সেটটির প্রতিটি উপাদানকে সেটটির $k$ ভিন্ন উপাদানের সমষ্টি হিসাবে প্রকাশ করা যায়।	$k + 4$
ধরা যাক, $\mathbb R$ বাস্তব সংখ্যার সেট। $\mathcal F$ দ্বারা সেই সকল ফাংশনের সেট বোঝানো হলো, যা $f\colon\mathbb R\to\mathbb R$ এবং নিম্নলিখিত শর্তটি প্রতিপালিত হয়: $$f(x + f(y)) = f(x) + f(y)$$ প্রত্যেক $x,y\in\mathbb R$ এর ক্ষেত্রে। সকল রেশনাল সংখ্যা $q$ নির্ণয় করুন যা নিম্নলিখিত শর্তটি সন্তুষ্ট করে: প্রতিটি ফাংশন $f\in\mathcal F$ এর জন্য, এমন একটি $z\in\mathbb R$ বিদ্যমান, যাতে $f(z)=qz$ হয়।	$\left\{ \frac{n+1}{n}: n\in\mathbb{Z}, n\neq0 \right\}$
একটি $\pm 1$-সিকুয়েন্স হলো $2022$ সংখ্যার একটি ক্রম $a_1, \ldots, a_{2022},$ যেখানে প্রতিটি সংখ্যা $+1$ অথবা $-1$. সমান। বৃহত্তম $C$ নির্ধারণ করুন যাতে, যেকোনো $\pm 1$-সিকুয়েন্সের জন্য, একটি পূর্ণসংখ্যা $k$ এবং সূচক $1 \le t_1 < \ldots < t_k \le 2022$ পাওয়া যায় যেন $t_{i+1} - t_i \le 2$ সব $i$\-এর জন্য, এবং$t_{i+1} - t_i \le 2$ for all $i$, and$$\left| \sum_{i = 1}^{k} a_{t_i} \right| \ge C.$$	506
যদি একটি সংখ্যার তিনটি পৃথক ধনাত্মক বিভাজক থাকে এবং তাদের যোগফল $2022$ হয়, তবে তাকে Norwegian সংখ্যা বলা হয়। সবচেয়ে ছোট Norwegian সংখ্যা নির্ধারণ করুন। (দ্রষ্টব্য: একটি Norwegian সংখ্যার ধনাত্মক বিভাজকের মোট সংখ্যা $3$ এর বেশি হতে পারে।)	1344
সকল ফাংশন নির্ধারণ করুন যা $f: \mathbb{R} \rightarrow \mathbb{R}$ যেটা সন্তষ্ট করে $$(f(a)-f(b))(f(b)-f(c))(f(c)-f(a)) = f(ab^2+bc^2+ca^2) - f(a^2b+b^2c+c^2a)$$ সমস্ত বাস্তব সংখ্যা $a$, $b$, $c$।	$f(x)=\alphax+\beta$ or $f(x)=\alphax^3+\beta$ where $\alpha \in \{-1,0,1\}$ and $\beta\in\mathbb{R}$
যে বৃহত্তম পূর্ণসংখ্যা $N$ নির্ধারণ করুন, যার জন্য $N$ সারি এবং $100$ কলাম বিশিষ্ট একটি পূর্ণসংখ্যার টেবিল $T$ বিদ্যমান রয়েছে যেটি নিম্নলিখিত বৈশিষ্ট্যগুলি ধারণ করে: $\text{(i)}$ প্রতিটি সারিতে সংখ্যা $1$, $2$, $\ldots$, $100$ কোনো একটি ক্রমে বিদ্যমান। $\text{(ii)}$ যেকোনো দুটি ভিন্ন সারি $r$ এবং $s$ এর জন্য, এমন একটি কলাম $c$ বিদ্যমান যার জন্য $|T(r,c) - T(s, c)|\geq 2$। (এখানে $T(r,c)$ হলো সারি $r$ এবং কলাম $c$ এর অন্তর্ভুক্ত এন্ট্রি।)	$\frac{100!}{2^{50}}$
ধরা যাক $R^+$ হল ধনাত্মক বাস্তব সংখ্যার সেট। সমস্ত অপেক্ষক নির্ধারণ করুন $f:R^+$ $\rightarrow$ $R^+$ এমন ভাবে যেখানে সমস্ত ধনাত্মক বাস্তব সংখ্যা $x$ এবং $y:$ $$f(x+f(xy))+y=f(x)f(y)+1$$	$f(x) = x + 1$
একটি পূর্ণসংখ্যা $n > 1$. রয়েছে। একটি পর্বতের ঢালের উপর $n^2$ স্টেশন রয়েছে, এবং সেগুলি সবগুলোই ভিন্ন উচ্চতায় অবস্থিত। দুটি কেবল কার কোম্পানি $A$ এবং $B$, প্রত্যেকটি $k$ টি কেবল কারের পরিচালনা করে; প্রতিটি কেবল কার একটি স্টেশন থেকে একটি উচ্চতর স্টেশনে স্থানান্তর প্রদান করে (মাঝে কোনো থামা ছাড়া)। $A$এর $k$ টি কেবল কারের $k$ টি বিভিন্ন শুরু পয়েন্ট এবং $k$ টি বিভিন্ন শেষ বিন্দু রয়েছে, এবং যে কেবল কারটি উচ্চস্থান থেকে শুরু হয় সেটি উচ্চস্থানেই শেষ হয়। একই শর্তগুলি$B$ এর জন্যও প্রযোজ্য। আমরা বলি যে একটি কোম্পানি দ্বারা দুটি স্টেশন সংযুক্ত থাকে যদি একজন নীচের স্টেশন থেকে শুরু করে উচ্চতর স্টেশনে এক বা একাধিক কেবল কার ব্যবহার করে পৌঁছতে পারে (অন্য কোনো স্টেশনে থামা ছাড়া)। সবচেয়ে ছোট পজিটিভ পূর্ণসংখ্যা $k$ নির্ধারণ করুন যার জন্য নিশ্চয়তা দেওয়া যায় যে দুটি স্টেশন উভয় কোম্পানি দ্বারা সংযুক্ত হবে।	$n^2 - n + 1$
ফিবোনাচি সংখ্যা $F_0, F_1, F_2, . . .$ নিম্নলিখিতভাবে সংজ্ঞায়িত হয়: $F_0=0, F_1=1$, এবং $F_{n+1}=F_n+F_{n-1}$, যেখানে $n \ge 1$। প্রদত্ত $n \ge 2$ একটি পূর্ণসংখ্যা, এমন একটি সেট $S$ সেটের ক্ষুদ্রতম আকার নির্ধারণ করুন যাতে প্রতিটি $k=2, 3, . . . , n$ এর জন্য কিছু $x, y \in S$ থাকে, যেখানে $x-y=F_k$।	$\lceil \frac{n}{2} \rceil + 1$
খেলোয়াড় $A$ এবং $B$ একটি ব্ল্যাকবোর্ডে একটি খেলা খেলে যেখানে প্রাথমিকভাবে ২০২০টি সংখ্যা ১ রয়েছে। প্রতিটি রাউন্ডে, খেলোয়াড় $A$ ব্ল্যাকবোর্ড থেকে দুটি সংখ্যা $x$ এবং $y$ মুছে ফেলে, এবং তারপর খেলোয়াড় $B$ ব্ল্যাকবোর্ডে $x+y$ এবং $|x-y|$ এর মধ্যে যে কোন একটি সংখ্যা লিখে। খেলা সাথে সাথেই শেষ হয়, যখন কিছু রাউন্ডের শেষে, নিম্নলিখিত গুলির একটি হয়: $(1)$ ব্ল্যাকবোর্ডে থাকা কোন একটি সংখ্যা বাকি সমস্ত সংখ্যার যোগফলের চেয়ে বড় হয়; $(2)$ ব্ল্যাকবোর্ডে কেবল শূন্যগুলি থাকে। তারপর খেলোয়াড় $B$ অবশ্যই খেলোয়াড় $A$কে ব্ল্যাকবোর্ডে যতগুলি সংখ্যা থাকে ততগুলি কুকি দেয়। খেলোয়াড় $A$ যত বেশি সংখ্যক সম্ভব কুকি পেতে চায়, অন্যদিকে খেলোয়াড় $B$ যত কম সংখ্যক সম্ভব দিতে চায়। উভয় খেলোয়াড় যথাযথভাবে খেলার পর খেলোয়াড় $A$ কতগুলি কুকি পাবে তা নির্ধারণ করুন।	7
বাথ ব্যাঙ্ক এমন কয়েন তৈরী করে যার একপাশে $H$ এবং অন্যপাশে $T$ থাকে। হ্যারি এই ধরণের $n$ টি কয়েন বামে থেকে ডানে সারিবদ্ধ অবস্থায় রেখেছে। সে বারবার নিম্নলিখিত অপারেশনটি সম্পাদন করে: যদি ঠিক $k > 0$ টি কয়েন $H$ দেখায়, তাহলে সে বাম থেকে $k$ তম কয়েনটি উল্টায়; অন্যথায়, সমস্ত কয়েন $T$ দেখায় এবং সে থামে। উদাহরণস্বরূপ, যদি $n=3$ হয় তাহলে $THT$ কনফিগারেশন দিয়ে শুরু হওয়া প্রক্রিয়াটি হবে $THT \to HHT  \to HTT \to TTT$, যা তিনটি অপারেশনের পর থামে। (ক) দেখাও যে, প্রতিটি প্রাথমিক কনফিগারেশনের জন্য, হ্যারি একটি সসীম সংখ্যক অপারেশনের পর থামে।(খ) প্রতিটি প্রাথমিক কনফিগারেশন $C$ এর জন্য, হ্যারি থামার আগে $L(C)$ কে অপারেশনগুলির সংখ্যা ধরা যাক। উদাহরণস্বরূপ, $L(THT) = 3$ এবং $L(TTT) = 0$। সমস্ত $2^n$ সম্ভাব্য প্রাথমিক কনফিগারেশন $C$ এর উপর $L(C)$ এর গড় মান নির্ধারণ কর।	$\frac{n(n+1)}{4}$
যে কোনো দুটি ভিন্ন বাস্তব সংখ্যা $x$ এবং $y$ এর জন্য, আমরা $D(x,y)$ কে একটিমাত্র পূর্ণসংখ্যা $d$ হিসেবে সংজ্ঞায়িত করি যা $2^d\le |x-y| < 2^{d+1}$ শর্তটি পূরণ করে। বাস্তব $\mathcal F$ এর একটি সেট এবং $x\in \mathcal F$ এর একটি উপাদান $x$ এর দেওয়া হলে, আমরা বলি যে $\mathcal F$ এ এর স্কেলগুলো $D(x,y)$ এর মান $y\in\mathcal F$ এবং $x\neq y$ শর্তে। ধরা যাক $k$ একটি প্রদত্ত ধনাত্মক পূর্ণসংখ্যা।  ধরা যাক $\mathcal F$ এর প্রতিটি সদস্য $x$ এর $\mathcal F$ এ সর্বাধিক $k$ বিভিন্ন স্কেল রয়েছে (এগুলো $x$ এর উপর নির্ভর করতে পারে)। $\mathcal F$ এর সর্বাধিক সম্ভব আকার কত হতে পারে?	$2^k$
ধরা যাক $a_0,a_1,a_2,\dots $ একটি বাস্তব সংখ্যার ক্রম যেখানে $a_0=0, a_1=1,$ এবং প্রতিটি $n\geq 2$ এর জন্য এমন $1 \leq k \leq n$ রয়েছে যা সন্তুষ্ট করে\[ a_n=\frac{a_{n-1}+\dots + a_{n-k}}{k}. \]এখন $a_{2018}-a_{2017}$ এর সর্বোচ্চ সম্ভাব্য মান খুঁজে বের কর।	$\frac{2016}{2017^2}$
ধরা যাক, $q$ একটি বাস্তব সংখ্যা। গুগু একটি ন্যাপকিনে দশটি পৃথক বাস্তব সংখ্যা লিখেছেন, এবং তিনি ব্ল্যাকবোর্ডে নিম্নলিখিত তিনটি লাইনের বাস্তব সংখ্যাগুলি লেখেন: প্রথম লাইনে, গুগু $a-b$ ফর্মের প্রতিটি সংখ্যা লিখে রাখেন, যেখানে $a$ এবং $b$ তার ন্যাপকিনে থাকা দুটি (অপরিহার্যভাবে স্বতন্ত্র নয়) সংখ্যা। দ্বিতীয় লাইনে, গুগু $qab$ ফর্মের প্রতিটি সংখ্যা লিখে রাখে, যেখানে $a$ এবং $b$ প্রথম লাইন থেকে দুটি (অপরিহার্যভাবে স্বতন্ত্র নয়) সংখ্যা। তৃতীয় লাইনে, গুগু $a^2+b^2-c^2-d^2$ ফর্মের প্রতিটি সংখ্যা লিখে রাখেন, যেখানে $a, b, c, d$ প্রথম লাইন থেকে চারটি (অপরিহার্যভাবে স্বতন্ত্র নয়) সংখ্যা। $q$-এর সমস্ত মান নির্ধারণ করুন যাতে, গুগুর ন্যাপকিনের সংখ্যা নির্বিশেষে, দ্বিতীয় লাইনের প্রতিটি সংখ্যা তৃতীয় লাইনে সমানাধিকার থাকে।	${-2,0,2}$
সবচেয়ে ছোট ধ্রুবক $C > 0$ খুঁজে বের করুন, যাতে নিম্নলিখিত শর্ত সবসময় সত্য হয়: যেকোনো পাঁচটি ধনাত্মক বাস্তব সংখ্যা $a_1,a_2,a_3,a_4,a_5$ এর মধ্যে ( একে অপরের থেকে ভিন্ন হতে হবে এমন বাধ্যবাধকতা নেই ) সবসময় এমন চারটি ভিন্ন সূচক $i,j,k,l$ বেছে নিতে পারেন যেন \[ \left| \frac{a_i}{a_j} - \frac {a_k}{a_l} \right| \le C. \] হয়  	$\frac{1}{2}$
$$(x-1)(x-2)\cdots(x-2016)=(x-1)(x-2)\cdots (x-2016)$$ সমীকরণটি বোর্ডে লেখা আছে উভয়দিকে রৈখিক গুণনীয়ক $2016$ রয়েছে । $k$ এর সর্বনিম্ন সম্ভাব্য মান কত যার জন্য এই $4032$ রৈখিক গুণনীয়ক মধ্যে $k$ মুছে ফেলা সম্ভব যাতে প্রতিটি পাশে কমপক্ষে একটি উৎপাদক থাকে এবং ফলস্বরূপ সমীকরণটির কোনও বাস্তব সমাধান না থাকে?	2016
সকল বাস্তব সংখ্যা $x_0, x_1, ... , x_n$ এর জন্য এবং সব $n \geq 1$ এর জন্য, $0 = x_0 < x_1 < x_2 < \cdots < x_n$ কে সন্তোষজনক করে এমন বৃহত্তম বাস্তব ধ্রুবক $a$ সন্ধান করুন, যেখানে \[\frac{1}{x_1-x_0} + \frac{1}{x_2-x_1} + \dots + \frac{1}{x_n-x_{n-1}} \geq a \left( \frac{2}{x_1} + \frac{3}{x_2} + \dots + \frac{n+1}{x_n} \right)\]	$\frac{4}{9}$
$n \times n$ টেবিলের প্রতিটি ঘর $I,M$ এবং $O$ অক্ষরগুলির মধ্যে একটি দিয়ে পূর্ণ করা যায় এমন সমস্ত পূর্ণসংখ্যা $n$ খুঁজে বের করুন যাতে: প্রতিটি সারি এবং প্রতিটি কলামে, প্রবিষ্টির এক তৃতীয়াংশ $I$, এক তৃতীয়াংশ $M$ এবং এক তৃতীয়াংশ $O$; হয়; এবং যে কোনো কর্ণে, যদি কর্ণের প্রবিষ্টির সংখ্যা তিনের গুণিতক হয়, তবে প্রবিষ্টির এক তৃতীয়াংশ $I$, এক তৃতীয়াংশ $M$ এবং এক তৃতীয়াংশ $O$. হবে।নোট। একটি $n \times n$ টেবিলের সারি এবং কলামগুলি প্রতিটি প্রাকৃতিক ক্রমে $1$ থেকে $n$ পর্যন্ত লেবেলযুক্ত হয়। সুতরাং প্রতিটি ঘর $1 \le i,j \le n$. সহ একটি ধনাত্মক পূর্ণসংখ্যা জোড়া $(i,j)$ এর সাথে সম্পর্কিত। $n > 1$, এর জন্য, টেবিলের দুটি ধরনের মোট $4n-2$ টি কর্ণ রয়েছে। প্রথম ধরনের কর্ণে সমস্ত ঘর $(i,j)$ অন্তর্ভুক্ত করে যার জন্য $i+j$ একটি ধ্রুবক, এবং দ্বিতীয় ধরনের কর্ণে সমস্ত ঘর $(i,j)$ অন্তর্ভুক্ত করে যার জন্য $i-j$ একটি ধ্রুবক।	9
ধরি $n$ একটি ধনাত্মক পূর্ণসংখ্যা। $k$ এর এমন ক্ষুদ্রতম ধনাত্মক পূর্ণসংখ্যা নির্ণয় কর যা নিম্নলিখিত বৈশিষ্ট্যটি পালন করে: $2n \times 2n$ বোর্ডে $k$ টি কোষ চিহ্নিত করা সম্ভব যাতে বোর্ডটি $1 \times 2$ এবং $2 \times 1$ ডমিনোতে বিভাজিত করার একটি অনন্য উপায় থাকে, যেখানে কোন ডমিনোতেই দুটি চিহ্নিত কোষ নেই।	$2n$
ধনাত্মক পূর্ণসংখ্যার একটি সেটকে সুগন্ধী বলা হয় যদি এই সেটটিতে কমপক্ষে দুটি উপাদান থাকে এবং এর প্রতি উপাদানের কমপক্ষে একটি মৌলিক উৎপাদক অন্য কোনও উপাদানের সাথে সাধারণ থাকে। ধরা যাক $P(n)=n^2+n+1$. হলে, সেই ক্ষুদ্রতম ধনাত্মক পূর্ণসংখ্যা $b$ কত যা কোনো একটি অঋণাত্মক পূর্ণসংখ্যা $a$ এর জন্য সেট set$$\{P(a+1),P(a+2),\ldots,P(a+b)\}$$ কে সুগন্ধী করে?	6
ধরা যাক $n$ একটি নির্দিষ্ট ধনাত্মক পূর্ণ সংখ্যা। নিম্নলিখিত মানের সর্বাধিক সম্ভাব্য মান খুঁজুন\[ \sum_{1 \le r < s \le 2n} (s-r-n)x_rx_s, \]যেখানে $-1 \le x_i \le 1$ সমস্ত $i = 1, \cdots , 2n$ এর জন্য।	$n(n-1)$
ধনাত্মক পূর্ণসংখ্যার একটি সসীম সমষ্টি $A$ এর জন্য, $A$-কে দুইটি অসঙ্গত অসার পৃথক উপসেট $A_1$ এবং $A_2$ এ ভাগ করে সেটি $\textit{good}$ বলা হয় যদি $A_1$ এর উপাদানগুলির লঘিষ্ঠ সাধারণ গুণনীয়ক $A_2$ এর উপাদানগুলির মহত্তম সাধারণ গুণনীয়কের সমান হয়। $n$ এর সর্বনিম্ন মান নির্ধারণ করুন যাতে $n$ ধনাত্মক পূর্ণসংখ্যার একটি সেট থাকে যার মধ্যে ঠিক $2015$ টি ভালো ভাগ থাকে।	3024
ধরা যাক $\mathbb{Z}_{ > 0}$ ধনাত্মক পূর্ণসংখ্যার সেট নির্দেশ করে। যেকোনো ধনাত্মক পূর্ণসংখ্যা $k$ এর জন্য, একটি ফাংশন $f: \mathbb{Z}_{ > 0} \to \mathbb{Z}_{ > 0}$ কে $k$-ভাল বলা হয় যদি $\gcd(f(m) + n, f(n) + m) \le k$ হয় সকল $m \neq n$ এর ক্ষেত্রে। সকল $k$ খুঁজে বের করুন যাতে একটি $k$-ভাল ফাংশন বিদ্যমান থাকে।	$k \geq 2$
ধরা যাক $n \ge 2$ একটি পূর্ণসংখ্যা। $n^2$-টি একক বর্গক্ষেত্র সমন্বিত একটি $n \times n$ দাবার বোর্ড কল্পনা করো। এই বোর্ডে $n$ সংখ্যক নৌকার একটি বিন্যাসকে শান্তিপূর্ণ বলা হয় যদি প্রত্যেক সারি ও প্রত্যেক স্তম্ভে ঠিক একটি করে নৌকা থাকে। এরূপ বৃহত্তম ধনাত্মক পূর্ণসংখ্যা $k$ নির্ণয় কর যাতে $n$-টি নৌকার এমন প্রতিটি শান্তিপূর্ণ বিন্যাসের ক্ষেত্রে একটি $k \times k$ বর্গক্ষেত্র পাওয়া যায় যার $k^2$ একক বর্গক্ষেত্রের কোনোটিতেই কোনো নৌকা থাকে না।	$\left\lfloor \sqrt{n-1} \right\rfloor$
সমস্ত মৌলিক সংখ্যা $p > 5$ খুঁজে বের করুন যার জন্য এমন দুটি পূর্ণসংখ্যা $a$ এবং $r$ বিদ্যমান আছে যাতে $1\leq r\leq p-1$ শর্তটি সন্তুষ্ট হয় এবং নিম্নলিখিত বৈশিষ্ট্যটি পূরণ হয়: $1,\,a,\,a^2,\,\ldots,\,a^{p-5}$ ক্রমটিকে পুনর্বিন্যাস করে $b_0,\,b_1,\,b_2,\,\ldots,\,b_{p-5}$ এমন একটি ক্রমে রূপান্তর করা যায় যাতে $b_n-b_{n-1}-r$ সংখ্যা $p$ দ্বারা বিভাজ্য হয় $1\leq n\leq p-5$ শর্তটি সন্তুষ্ট থাকার সময়।	7
ধরা যাক $c_0,\,c_1,\,c_2,\,\ldots$ একটি অনুক্রম যা নির্ধারিত যার জন্য  \[\frac{1-3x-\sqrt{1-14x+9x^2}}{4}=\sum_{k=0}^\infty c_kx^k\] যথেষ্ট ছোট $x$। একটি ধনাত্মক পূর্ণসংখ্যা $n$ এর জন্য, $A$ কে $n \times n$ মাত্রার একটি ম্যাট্রিক্স ধরা হয়, যেখানে $A$ এর $i,j$ তম উপাদান হল $c_{i+j-1}$, যেখানে $i$ এবং $j$ যথাক্রমে $\{1,\,\ldots,\,n\}$ এর মধ্যে থাকে। $A$ এর নির্ণায়ক নির্ণয় করুন।	$10^{\frac{n(n-1)}{2}}$
ধরা যাক, $n$ একটি ধনাত্মক পূর্ণসংখ্যা এবং $a_{n,0}=1$। $k\geq 0$-এর জন্য $\{1,\,\ldots,\,n\}$ সেট থেকে অবিশেষ ও এলোমেলোভাবে একটি পূর্ণসংখ্যা $m_{n,k}$ চয়ন করা হল, এবং ধরা যাক \[a_{n,k+1}=\begin{cases} a_{n,k}+1, & \text{if $m_{n,k} > a_{n,k}$;}\ a_{n,k}, & \text{if $m_{n,k}=a_{n,k}$;}\ a_{n,k}-1, & \text{if $m_{n,k} < a_{n,k}$.}\end{cases}\] আরো ধরা যাক, $E(n)$ হল $a_{n,n}$-এর প্রত্যাশিত মান। $\lim_{n\to\infty}E(n)/n$-এর মান নির্ণয় করো। 	$\frac{1 - e^{-2}}{2}$
সর্বনিম্ন ধনাত্মক বাস্তব সংখ্যা $r$ নির্ধারণ করুন যাতে পার্থকযোগ্য অপেক্ষক থাকে $f: \mathbb{R} \rightarrow \mathbb{R}$ এবং $g: \mathbb{R} \rightarrow \mathbb{R}$ যা সন্তষ্ট করে: (ক) $f(0) > 0$, (খ) $g(0)=0$, (গ) $\left|f^{\prime}(x)\right| \leq|g(x)|$ সমস্ত $x$ এর জন্য, (ঘ) $\left|g^{\prime}(x)\right| \leq|f(x)|$ সমস্ত $x$ এর জন্য, এবং (ঙ) $f(r)=0$।	$\frac{\pi}{2}$
একটি অঋণাত্মক পূর্ণসংখ্যা $k$ এর জন্য, $f(k)$ কে গণনা করা হয় $k$ এর ভিত্তি ৩ এর উপস্থাপনে কতগুলো এক আছে তা থেকে। সব জটিল সংখ্যা $z$ খুঁজে বের করুন যার জন্য $$\sum_{k=0}^{3^{1010}-1}(-2)^{f(k)}(z+k)^{2023}=0$$	$-\frac{3^{1010}-1}{2}$ and $-\frac{3^{1010}-1}{2} \pm \frac{\sqrt{9^{1010}-1}}{4}i$
একটি অঋণাত্মক পূর্ণসংখ্যা $n$ এবং একটি কঠোরভাবে বৃদ্ধির ক্রম বাস্তব সংখ্যাগুলি $t_0, t_1, \ldots, t_n$ এর জন্য, ধরা যাক $t \geq t_0$ এর জন্য সংশ্লিষ্ট বাস্তব-মানযুক্ত ফাংশন  হ $f(t)$ নিম্নলিখিত গুনগুলি দ্বারা: (ক) $f(t)$ হল $t \geq t_0$ এর জন্য ক্রমাগত, এবং সকল $t > t_0$ এর জন্য দ্বিগুণ বিভাজ্য $t_1, \ldots, t_n$ ছাড়া; (খ) $f\left(t_0\right)=1 / 2$; (গ) $\lim _{t \rightarrow t_k^{+}} f^{\prime}(t)=0$ for $0 \leq k \leq n$; (ঘ) $0 \leq k \leq n-1$ জন্য, আমাদের আছে $f^{\prime \prime}(t)=k+1$ যখন $t_k < t<t_{k+1}$< span="" style="box-sizing: border-box;">, এবং $f^{\prime \prime}(t)=n+1$ যখন $t > t_n$। $n$ এবং $t_0, t_1, \ldots, t_n$ এর সকল চয়েশগুলি বিবেচণা করে যাতে করে $1 \leq k \leq n$ এর জন্য $t_k \geq t_{k-1}+1$, $T$ এর সম্ভাব্য সর্বনিম্ন মান কত যার জন্য $f\left(t_0+T\right)=2023$?</t_{k+1}$<>	29
ধরা যাক $n$ একটি পূর্ণসংখ্যা যার $n\geq 2.$ সকল বাস্তব বহুপদী $p(x)$ এর ডিগ্রি $n,$ এর জন্য $p(x)^2?$ এর সর্বাধিক সম্ভাব্য ঋণাত্মক সহগের সংখ্যা কত	$2n-2$
$0 \leq p \leq 1/2,$ এর জন্য, $X_1, X_2, \ldots$ স্বাধীন র্যান্ডম ভ্যারিয়েবল হোক, যেন $$X_i=\begin{cases} 1 & \text{with probability } p, \-1 & \text{with probability } p, \0 & \text{with probability } 1-2p, \end{cases} $$ সকল $i \geq 1.$ এর ক্ষেত্রে। একটি ধনাত্মক পূর্ণসংখ্যা $n$ এবং পূর্ণসংখ্যা $b,a_1, \ldots, a_n,$ দেওয়া থাকলে, $P(b, a_1, \ldots, a_n)$ কে $a_1X_1+ \ldots + a_nX_n=b.$ হওয়ার সম্ভাবনা নির্দেশ করতে দাও। কোন $p$ এর মানের জন্য নিম্নলিখিতটি সত্য হবে $$P(0, a_1, \ldots, a_n) \geq P(b, a_1, \ldots, a_n)$$ সকল ধনাত্মক পূর্ণসংখ্যা $n$ এবং সকল পূর্ণসংখ্যা $b, a_1,\ldots, a_n?$ এর জন্য?	$p \leq \frac{1}{4}$
একটি ঘাসফড়িং কোঅর্ডিনেট প্লেনে উৎপত্তিস্থল থেকে শুরু করে এবং এক ক্রমের লাফ দেয়। প্রতিটি লাফের দৈর্ঘ্য $5$, এবং প্রতিটি লাফের পরে ঘাসফড়িং এমন একটি বিন্দুতে থাকে যার কোঅর্ডিনেট উভয়ই পূর্ণ সংখ্যা; সুতরাং, প্রথম লাফের পরে ঘাসফড়িংয়ের জন্য $12$টি সম্ভাব্য অবস্থান রয়েছে। ঘাসফড়িংয়ের $(2021,2021)$ পয়েন্টে পৌঁছানোর জন্য প্রয়োজনীয় সর্বনিম্ন লাফের সংখ্যা কত?	578
প্রতিটি ধনাত্মক বাস্তব সংখ্যা $x$ এর জন্য,  \[g(x)=\lim_{r\to 0}  ((x+1)^{r+1}-x^{r+1})^{\frac{1}{r}}.\]  $\lim_{x\to \infty}\frac{g(x)}{x}$ এর মান নির্ণয় করুন।	$e$
ধরুন \[I(R)=\iint\limits_{x^2+y^2 \le R^2}\left(\frac{1+2x^2}{1+x^4+6x^2y^2+y^4}-\frac{1+y^2}{2+x^4+y^4}\right) dx dy.\] খুঁজে বার করুন \[\lim_{R \to \infty}I(R),\]	$\frac{\pi \ln 2}{\sqrt{2}}$
ধরা যাক যে একটি সমতলকে অনন্ত সংখ্যক একক বর্গক্ষেত্রের চেকারবোর্ড দিয়ে টাইল করা হয়েছে। যদি একটি অন্য একক বর্গক্ষেত্র চেকারবোর্ড টাইলিংয়ের অবস্থান এবং অভিমুখের উপর নির্ভর না করে সমতলে এলোমেলোভাবে ফেলা হয়, তবে এটি চেকারবোর্ডের বর্গক্ষেত্রগুলির কোনাও আচ্ছাদিত না করার সম্ভাবনা কত?	$2 - \frac{6}{\pi}$
একটি ধনাত্মক পূর্ণসংখ্যা $N$ এর জন্য, ধরুন $f_N$ হল \[ f_N (x)=\sum_{n=0}^N rac{N+1/2-n}{(N+1)(2n+1)} \sin\left((2n+1)x \right). \] দ্বারা সংজ্ঞায়িত ফাংশন। ক্ষুদ্রতম ধ্রুবক $M$ নির্ধারণ করুন যাতে সমস্ত $N$ এবং সমস্ত বাস্তব $x$ এর জন্য $f_N (x)\le M$ থাকে।	$\frac{\pi}{4}$
ধরুন $n$ একটি ধনাত্মক পূর্ণসংখ্যা, এবং $V_n$ সেই পূর্ণসংখ্যা $(2n+1)$-tuple-এর সেট $\mathbf{v}=(s_0,s_1,\cdots,s_{2n-1},s_{2n})$, যেগুলির জন্য $s_0=s_{2n}=0$ এবং $|s_j-s_{j-1}|=1$ যেখানে $j=1,2,\cdots,2n$। সংজ্ঞায়িত করা হলো\[q(\mathbf{v})=1+\sum_{j=1}^{2n-1}3^{s_j},\]এবং $M(n)$ হলো $\frac{1}{q(\mathbf{v})}$ এর সব $\mathbf{v}\in V_n$ এর উপর গড়। $M(2020)$ নির্ণয় করুন।	$\frac{1}{4040}$
$\mathbb Z^2$ দ্বারা সেই সব বিন্দুর সেটকে চিহ্নিত করি $(x,y)$ যা সমতলে পূর্ণসংখ্যা কোঅর্ডিনেট নিয়ে গঠিত। প্রতিটি পূর্ণসংখ্যা $n\geq 0$, এর জন্য, $P_n$ যেন $\mathbb{Z}^2$ এর একটি উপসেট হয় যা বিন্দু $(0,0)$ এবং সেই সব বিন্দু $(x,y)$ নিয়ে গঠিত, যাতে $x^2+y^2=2^k$ কোনো পূর্ণসংখ্যা $k\leq n$. এর জন্য। $n$, এর একটি ফাংশন হিসেবে নির্ধারণ করুন, $P_n$ এর সেই চার-পয়েন্টের উপসেটগুলির সংখ্যা, যাদের উপাদানগুলো একটি বর্গক্ষেত্রের শীর্ষবিন্দুগুলি গঠন করে।	$5n+1$
সমস্ত $n\ge 1$ এর জন্য , $a_n=\sum_{k=1}^{n-1}\frac{\sin(\frac{(2k-1)\pi}{2n})}{\cos^2(\frac{(k-1)\pi}{2n})\cos^2(\frac{k\pi}{2n})}$. $\lim_{n\rightarrow \infty}\frac{a_n}{n^3}$ নির্ণয় করুন । 	$\frac{8}{\pi^3}$
বাস্তব সংখ্যা $x_1, x_2, \dots, x_{10}$ এর জন্য $\sum_{i = 1}^{10} \cos(x_i) = 0$ শর্ত পূরণ করে ,তাহলে $\sum_{i = 1}^{10} \cos(3x_i)$ এর সর্বোচ্চ মান নির্ণয় করুন।	$\frac{480}{49}$
নিম্নলিখিত শর্তগুলি একসাথে পূরণ করে এমন সমস্ত ধনাত্মক পূর্ণসংখ্যা $n < 10^{100}$ খুঁজুন: $n$, $2^n$ কে ভাগ করে, $n-1$, $2^n - 1$ কে ভাগ করে এবং $n-2$, $2^n - 2$ কে ভাগ করে।	$2^{2^l}$ for $l=1,2,4,8$
একটি নিয়মিত আইকোসাহেড্রন $30$ এর প্রান্তগুলিকে $1,2,\dots,30.$ দিয়ে চিহ্নিত করা হয়েছে। প্রতিটি প্রান্ত লাল, সাদা বা নীল রঙ করার কতগুলি ভিন্ন উপায় আছে যাতে আইকোসাহেড্রনের 20টি ত্রিভুজাকার মুখের প্রতিটিতে একই রঙের দুটি প্রান্ত থাকে এবং তৃতীয় প্রান্তটি ভিন্ন রঙের হয়?	$2^{20}3^{10}$
ধরা যাক, একটি ধনাত্মক পূর্ণসংখ্যা $N$ কে $k$ সংখ্যক ক্রমিক ধনাত্মক পূর্ণসংখ্যার যোগফল হিসাবে প্রকাশ করা যেতে পারে \[N=a+(a+1)+(a+2)+\cdots+(a+k-1)\] $k=2017$ এর জন্য, কিন্তু $k > 1.$ এর অন্য কোনো মানের জন্য নয়। এই বৈশিষ্ট্য সহ সমস্ত ধনাত্মক পূর্ণসংখ্যা $N$ বিবেচনা করে, এই অভিব্যক্তিগুলির যেকোনো একটিতে উপস্থিত সর্বনিম্ন ধনাত্মক পূর্ণসংখ্যা $a$ কত?	16
একটি সমতলে একটি ত্রিভুজ $T$ তে একটি রেখাকে সমভাবক বলা হয় যদি তা $T$ কে দুটি সমান ক্ষেত্রফল এবং সমান পরিসীমা বিশিষ্ট অঞ্চলে বিভক্ত করে। ধনাত্মক পূর্ণ সংখ্যা $a > b>c,$ খুঁজে বের করুন, যেখানে $a$ যত ছোট সম্ভব রাখা হবে, এমন যে এমন একটি ত্রিভুজ রয়েছে যার বাহুর দৈর্ঘ্য $a,b,c$ এবং যেটি ঠিক দুটি স্বতন্ত্র সমভাবক রেখা রাখে।	$(a,b,c)=(9,8,7)$
$64$ এর সজ্জিত ক্রমে $\{x_0,x_1,\dots,x_{63}\}$ সংখ্যাটি খুঁজে বের করুন যাতে $x_0,x_1,\dots,x_{63}$ হল $\{1,2,\dots,2017\}$ এর বিভিন্ন উপাদান এবং \[x_0+x_1+2x_2+3x_3+\cdots+63x_{63}\] বিভাজ্য $2017.$ 	$\frac{2016!}{1953!}-2016\cdot 63!$
প্রত্যেকটি পূর্ণসংখ্যা সহগ বিশিষ্ট বহুপদী $p(x)$ এবং প্রত্যেকটি পূর্ণসংখ্যা $k,$ এর জন্য, \[p^{(j)}(k)=\left. \frac{d^j}{dx^j}p(x) \right|_{x=k}\] (যার মানে $p(x)$ এর $j$-তম ডেরিভেটিভ $k$ এ) $2016.$ দ্বারা বিভাজ্য, এমন ক্ষুদ্রতম ধনাত্মক পূর্ণসংখ্যাটি $j$ খুঁজে বের কর।	8
নির্ণয় করুন সবচেয়ে ছোট ধ্রুবক $C$ এইভাবে যেটা প্রতিটি বাস্তব বহুপদী $P(x)$ এর $3$ ডিগ্রী ও যার একটি মূল $[0,1],$\[\int_0^1|P(x)|\,dx\le C\max_{x\in[0,1]}|P(x)|.\] এর অন্তরালে।	$\frac{5}{6}$
ধরা যাক, $A$ একটি $2n\times 2n$ ম্যাট্রিক্স, যার উপাদানগুলি স্বাধীনভাবে এলোমেলোভাবে নির্বাচিত। প্রতিটি উপাদান $0$ বা $1,$ হতে নির্বাচিত, প্রতিটি সম্ভাব্যতা $1/2.$ সহ। $\det(A-A^t)$ এর প্রত্যাশিত মান ( $n$ এর ফাংশন হিসাবে) নির্ণয় করুন, যেখানে $A^t$, $A.$ এর ট্রান্সপোজ।	$\frac{(2n)!}{4^nn!}$
মূল্যায়ন করুন\[\sum_{k=1}^{\infty}\frac{(-1)^{k-1}}{k}\sum_{n=0}^{\infty}\frac{1}{k2^n+1}.\]	1
গণনা করুন \[\log_2\left(\prod_{a=1}^{2015}\prod_{b=1}^{2015}\left(1+e^{2\pi iab/2015}\right)\right)\]। এইখানে $i$ হল কাল্পনিক একক (that is, $i^2=-1$).	13725
সমস্ত ধনাত্মক পূর্ণসংখ্যার ত্রয়ী $(a,b,c)$ এর সজ্জাকে $T$ হিসেবে ধরা যাক যার জন্য $a,b,c.$ বাহুর দৈর্ঘ্য হিসেবে ত্রিভুজ বর্তমান। নিম্নলিখিত রাশিটি মূলদ সংখ্যা সর্বনিম্ন রূপে প্রকাশ করুন: \[\sum_{(a,b,c)\in T}\frac{2^a}{3^b5^c}\]।	$\frac{17}{21}$
ধরা যাক, $P_n$ হলো $\{1,2,\dots,n\}$ সেটের এমন সকল বিন্যাসের সংখ্যা $\pi$ যেথায়\[|i-j|=1\text{ implies }|\pi(i)-\pi(j)|\le 2\]বা অন্য ভাবে বললে, সকল $i,j$ এর জন্য $\{1,2,\dots,n\}.$ মধ্যে। দেখাও যে $n\ge 2,$ এর জন্য, এই পরিমাণ\[P_{n+5}-P_{n+4}-P_{n+3}+P_n\] $n,$ এর উপর নির্ভর করে না, এবং এর মান নির্ণয় কর।	4
প্রত্যেক ধনাত্মক পূর্ণ সংখ্যা $k,$ এর জন্য,$\left[1,\sqrt{2k}\right).$ সীমার মধ্যে $k$ এর বিজোড় বিভাজক সংখ্যা $A(k)$ গণনা করুন: :\[\sum_{k=1}^{\infty}(-1)^{k-1}\frac{A(k)}k.\]	$\frac{\pi^2}{16}$
$\lambda \in \mathbb{R}$ এর মধ্যে সবচেয়ে ছোট মান খুঁজে বের করুন যাতে সমস্ত $n \in \mathbb{N}_+$, এর জন্য $x_1, x_2, \ldots, x_n$ , $n = x_1 x_2 \ldots x_{2023}$ কে কে সন্তুষ্ট করে. যেখানে $x_i$ হল মৌলিক সংখ্যা অথবা ধনাত্মক পূর্ণসংখ্যা যা $n^\lambda$ কে অতিক্রম করে না, সব $i \in \left\{ 1,2, \ldots, 2023 \right\}$	$\frac{1}{1012}$
বৃহত্তম বাস্তব সংখ্যা $c$ নির্ণয় করুন যেন $$\sum_{i=1}^{n}\sum_{j=1}^{n}(n-|i-j|)x_ix_j \geq c\sum_{j=1}^{n}x^2_i$$ যেকোনো ধনাত্মক $n $ পূর্ণসংখ্যার জন্য এবং যেকোনো বাস্তব সংখ্যার জন্য  $x_1,x_2,\dots,x_n.$	$\frac{1}{2}$
ধরা যাক $p \geqslant 5$ একটি মৌলিক সংখ্যা এবং $S = \left\{ 1, 2, \ldots, p \right\}$. $r(x,y)$ কে নিম্নলিখিতভাবে সংজ্ঞায়িত করা হল:\[ r(x,y) = \begin{cases} y - x & y \geqslant x \ y - x + p & y < x \end{cases}.\] $S$,-এর একটি নন-এম্পটি(শূন্য নয় এমন) সঠিক সাবসেট $A$ এর জন্য, সংজ্ঞায়িত করা হল$$f(A) = \sum_{x \in A} \sum_{y \in A} \left( r(x,y) \right)^2.$$ $S$-এর একটি ভালো সাবসেট হল একটি নন-এম্পটি সঠিক সাবসেট $A$ যার জন্য $A$, এর সমান মাপের সকল হার সেট $B \subseteq S$ পূরণ করে, $f(B) \geqslant f(A)$. সবচেয়ে বড় পূর্ণসংখ্যা $L$ নির্ণয় কর যে এমন ভিন্ন ভালো সাবসেটs $A_1 \subseteq A_2 \subseteq \ldots \subseteq A_L$. রয়েছে।	$2[\log_2(p+1)]$
ধরা যাক, $P$ হলো একটি নিয়মিত $99$-ভুজ। $P$-এর প্রতিটি শীর্ষবিন্দুতে $1$ থেকে $99$ সংখ্যাগুলি এমনভাবে নির্ধারণ করা হয়েছে যাতে প্রতিটি সংখ্যা একবারই আসে। (যদি দুটি নির্ধারণ অবর্তনের অধীনে অভিন্ন হয়, তবে তাদের একই মনে করা হবে।) একটি অপারেশন হলো $P$-এর দুটি পার্শ্ববর্তী শীর্ষবিন্দুর সাথে নির্ধারিত সংখ্যাগুলির বিনিময়। $n$ এর সর্বনিম্ন সংখ্যা খুঁজুন যাতে একটি নির্দিষ্ট নির্ধারণ থেকে প্রতিটি অন্য নির্ধারণে পৌঁছানো সম্ভব হয় সর্বোচ্চ $n$ কার্যকারিতার মধ্যে।	2401
ক্ষুদ্রতম ধনাত্মক পূর্ণসংখ্যা $n\ge 3$, খুঁজে বের কর যেখানে $n$ টি বিন্দু $A_1,A_2,\cdots, A_n$ এই শর্ত পূরণ করে যে কোন তিনটি বিন্দু সমরেখ নয় এবং যেকোনো $1\le i\le n$, এর জন্য, $1\le j \le n (j\neq i)$, এমন একটি সেগমেন্ট $A_jA_{j+1}$ আছে যা সেগমেন্ট $A_iA_{i+1}$, এর মধ্যবিন্দু দিয়ে যায়, যেখানে $A_{n+1}=A_1$.	6
নিম্নলিখিত বৈশিষ্ট্য সহ বৃহত্তম বাস্তব সংখ্যা $\lambda$ খুঁজুন: যেকোনো ধনাত্মক বাস্তব সংখ্যার জন্য $p,q,r,s$ একটি জটিল সংখ্যা আছে $z=a+bi$($a,b\in \mathbb{R})$ যাতে $$ |b|\ge \lambda |a| \quad \text{and} \quad (pz^3+2qz^2+2rz+s) \cdot (qz^3+2pz^2+2sz+r) =0.$$	$\sqrt{3}$
$a$-এর সমস্ত ধনাত্মক পূর্ণসংখ্যা খুঁজুন যাতে নিম্নলিখিত শর্তগুলি পূরণ করে এমন $6$ পূর্ণসংখ্যার $X$ সেট থাকে: প্রতিটি $k=1,2,\ldots ,36$-এর জন্য $x,y\in X$ থাকে যাতে $ax+y-k$ $37$ দ্বারা বিভাজ্য হয়।	$a \equiv \pm6 \pmod{37}$
ধরা যাক, $S$ একটি সেট, $|S|=35$। $S$ থেকে নিজেকে চিত্রণ করার জন্য ম্যাপিংগুলির একটি সেট $F$ কে বৈশিষ্ট্য $P(k)$ সিদ্ধ করে বলা হয়, যদি যেকোনো $x,y\in S$ এর জন্য $f_1, \cdots, f_k \in F$ (অগত্যা ভিন্ন নয়) বিদ্যমান থাকে, যেমন $f_k(f_{k-1}(\cdots (f_1(x))))=f_k(f_{k-1}(\cdots (f_1(y))))$। সর্বনিম্ন ধনাত্মক পূর্ণসংখ্যা $m$ নির্ণয় করুন, যেন যদি $F$, $P(2019)$ বৈশিষ্ট্যটি সন্তুষ্ট করে, তবে এটি $P(m)$ বৈশিষ্ট্যটিও সন্তুষ্ট করে।	595
একটি $n\times n$ বোর্ড দেওয়া হল, প্রতিটি গ্রিডে একটি পূর্ণসংখ্যা লেখা থাকবে। প্রতিটি পদক্ষেপের জন্য, আমি যেকোনো গ্রিড বেছে নিতে পারি, এবং এর সারি এবং কলামের সমস্ত $2n-1$ সংখ্যার সাথে $1$ যোগ করতে পারি। বৃহত্তম $N(n)$ খুঁজে বের করুন, যাতে যেকোনো প্রাথমিক পছন্দের পূর্ণসংখ্যার জন্য, আমি একটি সীমিত সংখ্যক পদক্ষেপ তৈরি করতে পারি যাতে বোর্ডে কমপক্ষে $N(n)$ জোড় সংখ্যা থাকে।	$n^2 - n + 1$
ধরা যাক $n \geq 3$ একটি বিজোড় সংখ্যা এবং আরও ধরা যাক প্রতিটি বর্গক্ষেত্র $n \times n$ দাবার বোর্ডের প্রতিটি বর্গক্ষেত্র কালো বা সাদা রঙের। যদি দুটি বর্গক্ষেত্র একই রঙের হয় এবং একটি সাধারণ শীর্ষবিন্দু ভাগ করে তবে তাদের সংলগ্ন হিসাবে বিবেচনা করা হয় এবং যদি $c_1,\ldots,c_k$ বর্গক্ষেত্রের $c_1 = a, c_k = b$ সহ $c_i, c_{i+1}$ সংলগ্ন হয় $i=1,2,\ldots,k-1$ এর জন্য তবে দুটি বর্গক্ষেত্র $a,b$ সংযুক্ত হিসাবে বিবেচিত হয়। সর্বাধিক সংখ্যা $M$ খুঁজুন যাতে এমন একটি রঙ থাকে যা $M$ জোড়ায় বিচ্ছিন্ন বর্গক্ষেত্র স্বীকার করে।	$\frac{(n+1)^2}{4} + 1$
ধরা যাক $n \geq 5$ একটি ধনাত্মক পূর্ণসংখ্যা এবং $A$ এবং $B$ পূর্ণসংখ্যার সেট, যা নিম্নোক্ত শর্তগুলি পূরণ করে: i) $|A| = n$, $|B| = m$ এবং $A$ হল $B$ এর একটি উপসেট ii) এর যেকোনো পৃথক $x,y \in B$, $x+y \in B$ এর জন্য, তখনই যখন $x,y \in A$ $m$ এর সর্বনিম্ন মান নির্ধারণ করুন।	$3n-3$
যেসকল পূর্ণসংখ্যা $k$ এর জন্য অনন্ত সংখ্যক ধনাত্মক পূর্ণসংখ্যা $n$ বিদ্যমান, যেগুলো নিচের সমস্যাটি সন্তুষ্ট করে না তাদের সমস্ত পূর্ণসংখ্যা নির্ধারণ করুন: \[n+k |\binom{2n}{n}\]  	$k \neq 1, k \in \mathbb{Z}$
দেওয়া আছে যে $30$ জন ছাত্রের মধ্যে প্রতি ছাত্রের সর্বাধিক $5$ জন বন্ধু থাকে এবং প্রতি $5$ জন ছাত্রের জন্য এমন একজোড়া ছাত্র আছে যারা বন্ধু নয়, তাহলে সর্বোচ্চ $k$ নির্ধারণ করুন যাতে এই ধরণের সম্ভাব্য সকল কনফিগারেশনের জন্য, এমন $k$ শিক্ষার্থী থাকে যারা সবাই বন্ধু নয়।	6
ধরা যাক, $p$ একটি মৌলিক সংখ্যা। আমরা ${\{1,2,\ldots ,p^2} \}$ সংখ্যাগুলিকে একটি $p \times p$ ম্যাট্রিক্স $A = ( a_{ij} )$ আকারে সাজাই। এরপর আমরা কোনো একটি সারি বা স্তম্ভ নির্বাচন করে তাতে প্রতিটি সংখ্যার সাথে $1$ যোগ করতে পারি, অথবা প্রতিটি সংখ্যা থেকে $1$ বিয়োগ করতে পারি। আমরা একটি বিন্যাসকে ভালো আকারে বলব যদি এই ধরনের সীমিত সংখ্যক পদক্ষেপের মাধ্যমে ম্যাট্রিক্সের প্রতিটি সংখ্যাকে $0$ এ রূপান্তরিত করা যায়। কতগুলো ভালো বিন্যাস সম্ভব?	$2(p!)^2$
ধরা যাক $f(x)=(x + a)(x + b)$ যেখানে $a,b > 0$. যেকোনো বাস্তব সংখ্যা $x_1,x_2,\ldots ,x_n\geqslant 0$ এর জন্য যা $x_1+x_2+\ldots +x_n =1$, কে সন্তুষ্ট করে, $F=\sum\limits_{1 \leqslant i < j \leqslant n} {\min \left\{ {f({x_i}),f({x_j})} \right\}} $. এর সর্বাধিক মান নির্ণয় করুন।	$\frac{n-1}{2} \left( \frac{1}{n} + a + b + nab \right)$
এমন ক্ষুদ্রতম ধনাত্মক পূর্ণসংখ্যা $k$ নির্ণয় করো যাতে $S=\{1,2,\ldots,2012\}$-এর যেকোনো উপসেট $A$-এর জন্য, যার $|A|=k$, $A$-এর মধ্যে এমন তিনটি উপাদান $x,y,z$ পাওয়া যায় যে $x=a+b$, $y=b+c$, ও $z=c+a$, যেখানে $a,b,c$ হল $S$-এর অন্তর্ভুক্ত স্বতন্ত্র পূর্ণসংখ্যা।	1008
ধরা যাক $n$ হল একটি প্রদত্ত ধনাত্মক পূর্ণসংখ্যা, সেট $S=\{1,2,\cdots,n\}$ এর। যেকোনো অশূন্য সেট $A$ এবং $B$ এর জন্য, সর্বনিম্ন $|A\Delta S|+|B\Delta S|+|C\Delta S|,$ নির্ণয় করুন যেখানে $C=\{a+b|a\in A,b\in B\}, X\Delta Y=X\cup Y-X\cap Y.$।	$n+1$
ধরা যাক $a_i,b_i,i=1,\cdots,n$ হল অঋণাত্মক সংখ্যা, এবং $n\ge 4$, এমন যে $a_1+a_2+\cdots+a_n=b_1+b_2+\cdots+b_n > 0$. $\frac{\sum_{i=1}^n a_i(a_i+b_i)}{\sum_{i=1}^n b_i(a_i+b_i)}$ এর সর্বাধিক মান নির্ণয় কর।	$n-1$
$k \ge 2$ এবং $m$ যথেষ্ট বড় ধনাত্মক পূর্ণসংখ্যা দেওয়া হলে। ধরা যাক $\mathcal{F}_m$ হল সমস্ত (অবশ্যই বর্গাকার নয়) বাইনারি ম্যাট্রিক্সের অসীম পরিবার যেখানে ঠিক $m$ 1 থাকে। $f(m)$ দ্বারা সর্বোচ্চ পূর্ণসংখ্যা $L$ বোঝান যাতে প্রতিটি ম্যাট্রিক্স $A \in \mathcal{F}_m$, সর্বদা একই মাত্রার একটি বাইনারি ম্যাট্রিক্স $B$ থাকে যাতে (1) $B$ এর কমপক্ষে $L$ 1-এন্ট্রি থাকে; (2)$B$ এর প্রতিটি এন্ট্রি $A$ এর সংশ্লিষ্ট এন্ট্রির কম বা সমান; 3) $B$ এ কোনও $k \times k$ all-1 সাবম্যাট্রিক্স থাকে না। \[\lim_{m \to \infty} \frac{\ln f(m)}{\ln m}\] নির্ধারণ করুন।	$\frac{k}{k+1}$
ধরা যাক $A$ একটি সীমিত উপসেট $\mathbb{R}^d$ এর, যেখানে (ক) $A$-এর প্রতিটি তিনটি স্বতন্ত্র বিন্দুতে এমন দুটি বিন্দু থাকে যেগুলি ঠিক একক দূরত্বে অবস্থিত, এবং (খ) $A$-এর প্রতিটি বিন্দু $v$-এর ইউক্লিডিয়ান নর্ম সন্তুষ্ট করে যে \[\sqrt{\frac{1}{2}-\frac{1}{2\vert A\vert}} \le \|v\| \le \sqrt{\frac{1}{2}+\frac{1}{2\vert A\vert}}.\]  $A$.-এর কার্ডিনালিটির সর্বাধিক মান নির্ণয় করুন।	$2d+4$
ধরা যাক $M(t)$ একটি পরিমাপযোগ্য এবং স্থানীয়ভাবে সীমিত ফাংশন, অর্থাৎ,\[M(t) \le C_{a,b}, \quad \forall 0 \le a \le t \le b < \infty\]কিছু ধ্রুবক $C_{a,b}$, এর সাথে, $[0,\infty)$ থেকে $[0,\infty)$ মধ্যে এমনভাবে যে\[M(t) \le 1+\int_0^t M(t-s)(1+t)^{-1}s^{-1/2} ds, \quad \forall t \ge 0.\]যখন $t \ge 0$. তখন $M(t)$ এর সর্বাধিক মান খুঁজে বের করুন।	$10+2\sqrt{5}$
ধরা যাক, $M=\bigoplus_{i \in \mathbb{Z}} \mathbb{C}e_i$ হল একটি অসীম ত্রিমাত্রিক $\mathbb{C}$ ভেক্টর স্থান, এবং ধরা যাক, $\text{End}(M)$ নির্দেশ করে  $M$ এর $\mathbb{C}$ রৈখিক এন্ডোমরফিজমের $\mathbb{C}$ বীজগণিতকে। ধরা যাক, $A$ এবং $B$ হল $\text{End}(M)$ এ দুটি পরিবর্তনশীল উপাদান যা নিম্নলিখিত শর্ত পূরণ করে: $m \le n < 0 < p \le q$ পূর্ণসংখ্যাগুলি বিদ্যমান যা  $\text{gcd}(-m,p)=\text{gcd}(-n,q)=1$ শর্ত মেনে চলে, এবং যাতে প্রতিটি $j \in \mathbb{Z}$ এর জন্য, একটিতে \[Ae_j=\sum_{i=j+m}^{j+n} a_{i,j}e_i, \quad \text{with } a_{i,j} \in \mathbb{C}, a_{j+m,j}a_{j+n,j} \ne 0,\]\[Be_j=\sum_{i=j+p}^{j+q} b_{i,j}e_i, \quad \text{with } b_{i,j} \in \mathbb{C}, b_{j+p,j}b_{j+q,j} \ne 0.\]Let $R \subset  \text{End}(M)$ হল $A$ এবং $B$ দ্বারা উৎপন্ন $\mathbb{C}$ উপবীজগণিত। মনে রাখতে হবে যে, $R$ হল পরিবর্তনশীল এবং $M$ কে একটি $R$ মডিউল হিসেবে বিবেচনা করা যেতে পারে। ধরা যাক, $K$ হল $R$ এর ভগ্নাংশ ক্ষেত্র, $M \otimes_R K$ হল $K$ এর উপরে একটি $h$ মাত্রিক ভেক্টর স্থান। $h$ এর মান কত?	1
একটি বিজোড় পূর্ণসংখ্যা $n$-এর জন্য একক বর্গক্ষেত্র দিয়ে গঠিত একটি $n$-by-$n$ বোর্ড কল্পনা করা যাক। সদৃশ ডমিনোর একটি সংগ্রহ $C$-কে আমরা বোর্ডটির উপর সর্বাধিক গ্রিড-সংলগ্ন বিন্যাস বলি যদি $C$-তে $(n^2-1)/2$-টি ডমিনো থাকে, যেখানে প্রতিটি ডমিনো ঠিক দুটি প্রতিবেশী বর্গক্ষেত্রকে আবৃত করে এবং কোনো ডমিনো একে অপরের উপর চেপে বসে না: $C$ তখন বোর্ডের একটি মাত্র বর্গক্ষেত্র বাদ দিয়ে বাকি সবগুলিকে আবৃত করে। কোনো অনাবৃত বর্গক্ষেত্রকে ঢাকার জন্য আমরা বোর্ডের কোনো ডমিনোকে ঠেলে নিয়ে যেতে পারি (কিন্তু ঘোরাতে পারি না), যার ফলে অন্য একটি অনাবৃত বর্গক্ষেত্র-সহ নতুন আরেকটি সর্বাধিক গ্রিড-সংলগ্ন বিন্যাস তৈরি হয়। ধরা যাক, ডমিনো ঠেলার প্রক্রিয়াটির পুনরাবৃত্তির মাধমে $C$ থেকে আমরা সর্বমোট $k(C)$-টি স্বতন্ত্র সর্বাধিক গ্রিড-সংলগ্ন বিন্যাস পেতে পারি। $n$-এর একটি অপেক্ষক হিসাবে $k(C)$-এর সর্বোচ্চ মান নির্ণয় করো।	$(\frac{n+1}{2})^2$
যে সকল যৌগিক সংখ্যা $(p, q)$ এর জন্য $p-q$ এবং $pq-q$ উভয়ই পূর্ণবর্গ সংখ্যা হয়, সেই সকল সংখ্যার যুগল খুঁজে বের কর।	$(3,2)$
বিষয়টি বাংলা ভাষায় নিম্নরূপে অনুবাদ করা হয়েছে:  একটি সীমিত সেট $S$ কে সমন্বয় সমতলে overdetermined বলা হয় যদি $|S|\ge 2$ এবং $P(t)$, নামক একটি অপূরণীয় বহুপদী, যার বাস্তব সহগ রয়েছে এবং যা $|S|-2$ ডিগ্রীর মধ্যে থাকে, এই শর্ত মেনে চলে যে $P(x)=y$ প্রতিটি বিন্দুর $(x,y)\in S$. এর জন্য। প্রত্যেকটি পূর্ণসংখ্যা $n\ge 2$, এর জন্য, বৃহত্তম পূর্ণসংখ্যা $k$ (যা $n$ এর শর্ত সমে) নির্ণয় কর যে $n$ বিচিত্র বিন্দুর একটি সেট রয়েছে যা overdetermined নয়, তবে যার $k$টি overdetermined উপসেট রয়েছে।	$2^{n-1} - n$
প্রকৃত সহগবিশিষ্ট সকল $P$ বহুপদগুলি  খুঁজুন যাতে নিম্নলিখিত শর্তটি পূরণ হয়: \[\frac{P(x)}{yz}+\frac{P(y)}{zx}+\frac{P(z)}{xy}=P(x-y)+P(y-z)+P(z-x)\] উপরের শর্তটি সকল অশূন্য প্রকৃত সংখ্যা $x,y,z$ এর জন্য যেগুলি $2xyz=x+y+z$ শর্তটি পূরণ করে, যথাযথ হয়।	$P(x)=c(x^2+3)$ for any constant $c$
সমস্ত ফাংশন খোঁজ $f:(0,\infty) \to (0,\infty)$ যাতে \[f\left(x+\frac{1}{y}\right)+f\left(y+\frac{1}{z}\right) + f\left(z+\frac{1}{x}\right) = 1\] সকল $x,y,z >0$ সাথে $xyz =1.$	$f(x) = \frac{k}{1+x} + \frac{1-k}{3} \left( -\frac{1}{2} \le k \le 1 \right)$
ধরে নিন $\mathbf{Z}$ সমস্ত পূর্ণসংখ্যাকে চিহ্নিত করে। সকল বাস্তব সংখ্যা $c > 0$ খুঁজে বার করুন যাতে একটি লেবেলিং ব্যবস্থাপনায় ল্যাটিস বিন্দুসমূহ $( x, y ) \in \mathbf{Z}^2$-এর অবস্থান রয়েছে পজিটিভ পূর্ণসংখ্যা দ্বারা যার মধ্যে: শুধুমাত্র সসীম সংখ্যক পৃথক লেবেল বিদ্যমান আছে, এবং প্রতিটি লেবেল $i$ এর জন্য, লেবেল $i$ দেয়া যে কোনো দুই বিন্দুর মধ্যবর্তী দূরত্ব অন্তত $c^i$।	$0 < c < \sqrt{2}$
$a,b,c,d,$ বাস্তব সংখ্যা যেগুলি $a+b+c+d=4$. শর্ত পূরণ করে। \[\frac{a}{b^3+4}+\frac{b}{c^3+4}+\frac{c}{d^3+4}+\frac{d}{a^3+4},\] এর ন্যূনতম মান নির্ণয় করুন।	$\frac{2}{3}$
ধরা যাক $S = \{1, 2, ..., n\}$, যেখানে $n \ge 1$. $S$ এর প্রতিটি $2^n$ উপসেটকে লাল বা নীল রঙে রাঙানো হবে। (উপসেট নিজেই একটি রং পায়, তার অন্তর্ভুক্ত উপাদানগুলি নয়)। কোনো সেট $T \subseteq S$, এর জন্য, $f(T)$দ্বারা আমরা বোঝাচ্ছি সেই এর নীল উপসেটের সংখ্যা।  এই শর্তটি পূরণকারী রঙিংগুলির সংখ্যা নির্ধারণ করুন: যেকোনো উপসেট s $T_1$ এবং $T_2$ এর $S$,\[f(T_1)f(T_2) = f(T_1 \cup T_2)f(T_1 \cap T_2).\]	$1 + 3^n$
ধরা যাক $\mathbb{Z}$ পূর্ণসংখ্যার সেট। সমস্ত ক্রিয়াকলাপ $f : \mathbb{Z} \rightarrow \mathbb{Z}$ যা নিম্নলিখিত শর্ত পূরণ করে তা খুঁজে বের করুন\[xf(2f(y)-x)+y^2f(2x-f(y))=\frac{f(x)^2}{x}+f(yf(y))\] সমস্ত $x, y \in \mathbb{Z}$ জন্য যেখানে $x \neq 0$।	$f(x)=0$ and $f(x)=x^2$
ধরা যাক $k$ একটি ধনাত্মক পূর্ণসংখ্যা। দুইজন খেলোয়াড় $A$ এবং $B$ একটি অসীম গ্রিডে নিয়মিত ষড়ভুজের উপরে একটি খেলায় অংশগ্রহণ করে। প্রাথমিকভাবে সব গ্রিড কোষ খালি থাকে। তারপর খেলোয়াড়েরা পর্যায়ক্রমে পালা করে, যেখানে $A$ প্রথমে চলাচল করে। তার চালের সময়, $A$ খালি গ্রিডের যে কোনো দুটি সংলগ্ন ষড়ভুজ বেছে নিয়ে উভয় ষড়ভুজে একটি করে কাউন্টার স্থাপন করতে পারে। তার চালের সময়, $B$ বোর্ডের যে কোনো কাউন্টার বেছে নিয়ে তা সরিয়ে ফেলতে পারে। যদি কোনো সময়ে একটি সরলরেখায় $k$টি সংলগ্ন জাল ঘর থাকে যার প্রত্যেকটিতে একটি করে কাউন্টার থাকে, তাহলে $A$ জিতে যায়। $k$ এর সর্বনিম্ন মান খুঁজে বের করুন যাতে $A$ সীমিত সংখ্যক চালের মধ্যে জিততে না পারে, অথবা প্রমাণ করুন যে এরূপ কোনো ন্যূনতম মান বিদ্যমান নেই।	6
$2010$ ধনাত্মক সংখ্যা $a_1, a_2, \ldots , a_{2010}$ সমস্ত স্বতন্ত্র সূচক $i, j$ এর জন্য $a_ia_j \le i+j$ অসমতা পূরণ করে। প্রমাণ সহ, $a_1a_2\cdots a_{2010}$ পণ্যের সর্বাধিক সম্ভাব্য মান নির্ধারণ করুন।	$\prod_{i=1}^{1005}(4i-1)$
একটি ব্ল্যাকবোর্ডে 68টি অশূন্য পূর্ণসংখ্যাদের জোড়া রয়েছে। ধরা যাক যে প্রতিটি ধনাত্মক পূর্ণসংখ্যা $k$ এর জন্য ব্ল্যাকবোর্ডে $(k, k)$ এবং $(-k, -k)$ জোড়াগুলির মধ্যে অন্তত একটিই লেখা থাকে। একজন ছাত্র কিছু সংখ্যা মুছে ফেলে, এমন শর্তে যে কোনো দুটি মুছে ফেলা সংখ্যা যোগফল শূন্য হতে পারে না। ছাত্রটি তখন একটি জোড়ার প্রতি একটি পয়েন্ট পায় যার মধ্যে অন্তত একটি সংখ্যা মুছে ফেলা হয়েছে। প্রমাণ সহ নির্ধারণ করুন যে ছাত্রটি সর্বাধিক কতগুলি পয়েন্ট $N$ নিশ্চিতভাবে পেতে পারে, তা নির্বিশেষে যে 68টি জোড়া ব্ল্যাকবোর্ডে লেখা থাকে।  	43
একটি মৌলিক সংখ্যা $p$ এর জন্য, $\mathbb{F}_p$ দ্বারা $p$ এর মডুলাসে পূর্ণসংখ্যাগুলি বুঝায় এবং $\mathbb{F}_p[x]$ দ্বারা $\mathbb{F}_p$ এ সহগযুক্ত বহুপদীসমূহের সমষ্টি বুঝায়। এমন সব $p$ সন্ধান করুন যার জন্য $P(x) \in \mathbb{F}_p[x]$ নামে একটি চতুর্ঘাত বহুপদী বিদ্যমান যাতে সকল পূর্ণসংখ্যা $k$ এর জন্য, এমন একটি পূর্ণসংখ্যা $\ell$ বিদ্যমান থাকে যাতে $P(\ell) \equiv k \pmod p$। (মনে রাখবেন, $$\mathbb{F}_p[x]$ এ মোট $p^4(p-1)$ টি চতুর্ঘাত বহুপদী রয়েছে।)	${2,3,7}$
সবচেয়ে কম ধনাত্মক পূর্ণসংখ্যা \(M\) খুঁজে বের করুন যার জন্য একটি ধনাত্মক পূর্ণসংখ্যা \(n\) এবং পূর্ণসংখ্যা গুণক সহ বহুপদী \(P_1(x)\), \(P_2(x)\), \(\ldots\), \(P_n(x)\) বিদ্যমান যে \[Mx=P_1(x)^3+P_2(x)^3+\cdots+P_n(x)^3.\] সমীকরণটি সন্তুষ্ট করে।	6
ধরা যাক $\mathcal{P}$ একটি সুষম $2022$-গণ যার ক্ষেত্রফল $1$. এমন একটি বাস্তব সংখ্যা $c$ নির্ণয় করো যার জন্য, যদি $\mathcal{P}$, এর পরিধির উপর বিন্দু $A$ এবং $B$ স্বাধীনভাবে এবং সমানভাবে সম্ভাবনাময়ভাবে নির্বাচিত হয় তবে $AB \geq c$ হওয়ার সম্ভাবনা $\frac{1}{2}$.	$\sqrt{\frac{2}{\pi}}$
ধরা যাক, $A$ হলো $E_8$ এর গোলাকার ধরণের আর্টিন গোষ্ঠী, এবং $Z$ নির্দেশ করে তার কেন্দ্রকে। $A/Z$ গোষ্ঠীতে $10$ ক্রমিক মানের কতগুলি টর্শন উপাদান আছে যা স্ট্যান্ডার্ড জেনারেটরে ধনাত্মক শব্দ হিসাবে লেখা যেতে পারে এবং যার শব্দ দৈর্ঘ্য সমস্ত $10$ ক্রমিক মানের টর্শন উপাদানের মধ্যে ন্যূনতম?	624
প্রত্যেকটি প্রাকৃতিক সংখ্যা $n$, এর জন্য, $2^n\times 2^n$ মাত্রার $A_n$ ম্যাট্রিক্স বিবেচনা করুন, যা একটি $n$-উপাদান সেটের উপসেট দ্বারা সূচিত হয়। সংজ্ঞায়িত করা হয় $A_n[S,T]=0$ যদি $S\cap T=\emptyset$ এবং $A_n[S,T]=1$ যদি $S\cap T\ne\emptyset$.  ধরা যাক $c_n$ হল $\|A_n\circ U\|$ এর সর্বাধিক মান, যেখানে $U$, একটি ইউনিটারী ম্যাট্রিক্স এবং $\circ$ দ্বারা হাডামার্ড (এন্ট্রি-ভিত্তিক) গুণফল বোঝায় এবং$\|\cdot\|$ হল স্পেকট্রাল নর্ম। যখন $n\to\infty$ তখন $c_n$ এর বৃদ্ধির হার $c_n=\Theta(\alpha^n)$. আকারে লেখা যাবে। $\alpha$. এর মান নির্ধারণ করুন।	$\frac{2}{\sqrt{3}}$
দ্বি-মাত্রিক ডিস্ক্রিট $n$-টোরাস $\mathbb{T}_n=\mathbb{Z}^2/n\mathbb{Z}^2$ যেখানে $n\geq 10$, ধরুন $0$ $\mathbb{T}_n$-এর একটি নির্দিষ্ট শীর্ষবিন্দু, এবং $x_0$ $\mathbb{T}_n$-এর আরেকটি শীর্ষবিন্দু যাতে এতে $0$ এর সাথে ঠিক দুইটি সাধারণ প্রতিবেশী আছে। $\mathbb{T}_n$-এ একটি ডিস্ক্রিট-টাইম সাধারণ র‍্যান্ডম ওয়াক চালান সময় $t_n=n^2 \ln^2 n$ পর্যন্ত। শর্তাধীন সম্ভাবনার সীমা (যখন $n\to\infty$) নির্ণয় করুন $P[x_0 \text{ was not visited before time }t_n \mid 0 \text{ was not visited before time }t_n]$ ।	$e^{-\pi/2}$
ধরা যাক $a_n$ হল একটি $n$-ঘটকের সেট $X$ কে কত ভাবে খালি না রেখে উপসেট $X_i$ এ বিভক্ত করা যায়, তারপর প্রতিটি উপসেট $X_i$ তে দুর্বল ক্রম বসানো যায়, যার মানে হল পুরো ক্রম কিন্তু টাইলের অনুমতি দেওয়া সম্ভব। তাহলে $a_{21}$ এর সঠিক সংখ্যা মান কত?	4667348672819419628992129
ধরা যাক, আপনার হাতে একটি বহুপদী আছে $f(x) = x^7 - 14x^5 + 56x^3 - 56x + 22$. কতগুলি মৌলিক সংখ্যার $p$ সেটের প্রাকৃতিক ঘনত্ব কত, যেখানে $f(x)$ $\bmod p$? অপরিবর্তনীয় থাকে?	$\frac{2}{7}$
আসুন ধরা যাক $a,b$ ধনাত্মক পূর্ণ সংখ্যা। একটি পূর্ণসংখ্যা $k$ কে "গ্রহণযোগ্য" বলা হবে যদি এমন কিছু জটিল $a$ দ্বারা $b$ ম্যাট্রিক্সের $A_1,...,A_{ab}$ থাকে যা নিম্নলিখিত শর্তগুলি পূরণ করে: 1. প্রতিটি $A_i$ শূন্য নয় 2. $\text{tr}(A_i^\dagger A_j) = 0$ যখনই $i \neq j 3. ঠিক $k$ টি গুননক্ষেত্র $A_i$-এর র‍্যাঙ্ক 1। $0,1,...,ab$ এর মধ্যে কতগুলি পূর্ণসংখ্যা অগ্রহণযোগ্য? উল্লেখ্য: $\dagger$ দ্বারা হেরমিশিয়ান অ্যাডজয়েন্ট বোঝানো হয়েছে, অর্থাৎ একটি গুননক্ষেত্রের সাংকেতিক প্রতিলিপি।	1
কিছু বিজোড় ধনাত্মক ঋণাত্মক সংখ্যা $n > 1$ এবং কিছু ধনাত্মক সংখ্যা $k\ge n$, এর জন্য, আপনার কাছে $n$ নামে একটি তালিকা আছে, যেখানে $S$ এর প্রতিটি উপাদান ভিন্ন এবং $[-k,k]$. এর মধ্যে থাকে। পরবর্তী $n$ দিনে, প্রতিদিন সকালে, আপনি $S$ থেকে দুটি সংখ্যা $x$ এবং $y$ মুছে ফেলতে পারেন এবং $x+y$ এবং $-x-y$ কে $S$, তে যোগ করতে পারেন, যেখানে $S$ তে উপাদানগুলির পুনরাবৃত্তি অনুমোদিত। কতগুলি প্রাথমিক $S$ এর মানের জন্য এটি অসম্ভব যে, $n$ দিনের পর, $S$ শুধুমাত্র শূন্য নিয়ে গঠিত হয়?	$\binom{k}{n}2^{n}$
ধরা যাক$U \subseteq \mathbb{P}(H^0(\mathbb{P}^2, \mathcal{O}(4)))$ খোলা সেটটি $\mathbb{P}^2$.-এর সরল প্লেন চতুর্মাত্রিক হাইপারসারফেসের (সমীকরণের) সেট। এটি $G=\mathrm{PGL}(3)=\mathrm{Aut}(\mathbb{P}^2)$. গ্রুপ দ্বারা একটি প্রাকৃতিক ক্রিয়া ধারণ করে। ভাগফল স্ট্যাক $[U/G]$? এর অর্বিফোল্ড ইউলার ক্যারেক্টেরিস্টিক কত?	$\frac{5}{2016}$
যারা সঠিকভাবে ৭টি ক্রসিং সহ পরিকল্পিত ডায়াগ্রাম দ্বারা উপস্থাপিত হতে পারে এমন সব গিঁট ধরনের বিবেচনা করুন। (যদি দুটি গিঁট প্রতিফলনের দিক থেকে আলাদা হয়, তাহলে আমরা মনে করি তারা একই গিঁট ধরনের অন্তর্ভুক্ত।) এই গিঁটগুলির কত শতাংশ হাইপারবোলিক?	$\frac{11}{18}$
একটি সম্মেলনে ৪২ জন মেশিন লার্নিং গবেষক আছেন যারা প্রত্যেকে তিনটি চেয়ার বিশিষ্ট টেবিলে বসতে চান। প্রত্যেক গবেষক ২৪ জন অন্যান্য গবেষকের সাথে একটি পেপার লিখেছেন, এবং সঠিকভাবে ২০২৭টি টেবিলে বসাবার পদ্ধতির জন্য, অর্থাৎ ৩ জন গবেষককে একটি টেবিলে বসানোর জন্য, তাদের মধ্যে কেউই অন্যের সাথে পেপার রচনা করেনি। কতটি টেবিলে বসানোর পদ্ধতিতে সকল তিনজন গবেষক একে অপরের সাথে পেপার লিখেছেন?	955
$S \in \mathbb C \setminus \mathbb R $ সেটের সর্বাধিক আকার $|S|$ কত হতে পারে, যাতে এর সমস্ত উপাদান একই ম্যাট্রিক্স $A \in \mathbb C^{n \times n}$ এর আইজেনমান হয় যা $A^3=A^*$ কে সন্তুষ্ট করে, যেখানে $A^*$ হল অ্যাডজয়েন্ট ম্যাট্রিক্স।	6
একটি টোকেনাইজারের একটি শব্দভান্ডার $V$ রয়েছে যার আকার $|V|=:n=99$. প্রতিটি ইনপুট ধারাবাহিকতা $w=(w_1,\dots,w_{99})$, এর জন্য এর ওজন সংজ্ঞায়িত করা হয়েছে তার ভিন্ন টোকেনের সংখ্যার এক বিপরীত দ্বারা যেখানে টোকেনগুলো এতে নেই: $a(w)=(n+1-\left |\cup_{i=1}^n \{w_i\}\right|)^{-1}$. $\sum_{w\in V^{99}}a(w)$. গণনা করুন। আপনার উত্তরটি $10$. এর ঘাতাংশ রূপে লিখুন।	$10^{980}$
ধরা যাক, $k\geq 3$ একটি মৌলিক সংখ্যা। আমরা $K_k$ দিয়ে $k$ টি শীর্ষবিন্দুতে পূর্ণ গ্রাফ নির্দেশ করি। ধরা যাক, $\Delta_k$ -কে আমরা নিম্নরূপে সংজ্ঞায়িত বিমূর্ত সিরাম্বলিকজটিলতা দ্বারা প্রকাশ করি: - $\Delta_k$ এর ভিত্তি সেট হল $E(K_k)$। - $A$ এর $E(K_k)$ একটি স্বাধীন শূন্য ব্যতীত উপসেট (যাকে "মুখ" ও বলা হয়) যদি এবং শুধুমাত্র যদি গ্রাফ $(V(K_k),A)$ এর ডিগ্রী সর্বাধিক $2$ হয়। আমরা $\hat{\chi}(\Delta_k)$ দ্বারা $\Delta_k$ এর হ্রাসকৃত ইউলার বৈশিষ্ট্য নির্দেশ করি। $\hat{\chi}(\Delta_k) \mod k$ হিসাব কর।	$\frac{k-3}{2}$
একটি সমতলে একটি বর্গক্ষেত্র আঁকা হয়েছিল এবং তার প্রতিটি বাহুর উপর একটি বিন্দু চিহ্নিত করা হয়েছিল। তারপর বর্গক্ষেত্রটি মুছে ফেলা হয় এবং চারটি চিহ্নিত বিন্দু থেকে যায়। এই বিন্দুগুলি ব্যবহার করে কীভাবে বর্গক্ষেত্রটির শীর্ষবিন্দুগুলিকে খুঁজে বের করা যায় (অর্থাৎ বর্গটি পুনরুদ্ধার করা যায়)? ধরুন, চিহ্নিত বিন্দুগুলির স্থানাঙ্ক হল (0.3511,0.2027), (0.6753,0.8303), (-0.2845,0.9905), (-0.128,0.2218) । বর্গক্ষেত্রটির শীর্ষবিন্দুগুলির স্থানাঙ্ক নির্ণয় করুন। আপনার উত্তরে, দশমিক বিন্দুর পরে ২টি দশমিক সংখ্যা পর্যন্ত নির্ভুলতায় এবং x-স্থানাঙ্কের বৃদ্ধির ক্রম অনুযায়ী বর্গক্ষেত্রটির শীর্ষবিন্দুগুলির ৪জোড়া স্থানাঙ্ক লিখুন ।	(-0.5,0.87),(0,0),(0.37,1.37),(0.87,0.5)
ধরা যাক একটি সমতল: একটি সঙ্কুচিত সেট $C$ নিম্নলিখিত শর্ত পূরণ করে: প্রতিটি দিকের জন্য, উক্ত দিকের একটি সরলরেখা $l$ আছে যাতে $l \cap C$ এর ডাইমেনশন অন্তত $\frac{1}{2}$. হয়। $C$? এর সর্বনিম্ন সম্ভাব্য ডাইমেনশন কত?	$\frac{5}{4}$
ধরা যাক $B_n$ হল $n$ সুতোর ব্রেইড গ্রুপ। $1 \leqslant n \in \mathbb{Z}$, এর জন্য, $tr_n$ হল সংশ্লিষ্ট Ocneanu ট্রেস, $H_n$ হল বহু-প্যারামিটার Iwahori-Hecke বীজগণিত যা $\left\{ T_w | w\in S_n \right\}$, দ্বারা বিস্তৃত, যেখানে $S_n$ হল $n$ উপাদানের সমমিত গ্রুপ। অবশেষে, $f_n : B_n \rightarrow H_n$ ধরা হল $f_n (\sigma_i) = T_i$. দ্বারা প্রদত্ত। $tr_2 \circ f_2 (\sigma_1 ^{-3})$. হিসাব কর।	$2q^{-1}+q^{-2}(z^2-1)$
BDF4 সাংখ্যিক পদ্ধতির $A(\alpha)$ স্থায়িত্বের জন্য রেডিয়ানে $\alpha$ কোণের সঠিক মান $\arctan()$ এর শর্তে নির্ণয় কর।	$-\arctan(-\sqrt{24}\frac{699}{1024})$
ধরি $f(x)=x^3+ax^2+bx+c$, যেখানে $a,b\in\mathbb{R}$. ধরে নেই যে এমন কোনো $k\in\mathbb{Z}$, নেই, যার জন্য $$f(k-1)f(k+1) < 0.$$ আরও ধরে নিই যে $f'(-1/4)=-1/4$ এবং $f'(1/4) < 0$. তবে $f(3)$. এর সঠিক মান বের কর। সঠিক মান একটি ভগ্নাংশ হলে, অনুমান না করে এর যথার্থ মান দিন।	$\frac{87}{4}$
ধরা যাক, একটি ঘনকের $S$ পৃষ্ঠের বাহুর দৈর্ঘ্য $s$। মানে করি, ঘনকটির একটি শীর্ষবিন্দু হল $P$ এবং $S$ এর উপর সংগৃহিত বিন্দুসমূহ হল $D\subset S$ যেটি $P$ থেকে সর্বাধিক $\sqrt{2} \cdot s$ দূরত্বে আছে, যেখানে দূরত্ব পৃষ্ঠের বরাবর পরিমাপ করা হয়। $D$ এর ক্ষেত্রফলকে $S$ এর ক্ষেত্রফল দ্বারা ভাগ করুন এবং উত্তরটি তার সঠিক আকারে রাখুন।	$\frac{\pi + 3 \sqrt{3} - 3}{6}$
ধরা যাক, S একটি K3 সারফেস এবং C একটি ২ জেনাস যুক্ত জটিল বদ্ধ বক্ররেখা। এছাড়াও, $\rho$ হল S এর একটি নন-সিমপ্লেক্টিক ইনভলিউশন এবং $\psi$ হল C এর একটি ইনভলিউশন। $\rho$ এবং $\psi$ একত্রে কার্তেসীয় গুণফল $S\times C$ এর একটি ইনভলিউশন $\rho\times\psi$ কে প্রকাশ করে। গুণফল $S\times C$ ও ইনভলিউশন-এর ভাগফল হল একটি জটিল অরবিফোল্ড। ধরি, M হল একটি মসৃণ ম্যানিফোল্ড যা আমরা সিঙ্গুলার লোকাসকে উড়িয়ে পেয়েছি। এই প্রক্রিয়ায় প্রাপ্ত Hodge সংখ্যা $h^{1,1}$ এর সর্বাধিক মান কত হতে পারে?	81
বিবেচনা করুন নিম্নলিখিত বিভেদ সমীকরণের সিস্টেম: $$d'(t)=2d^2(t)+(-3u(t)+5u^2(t))d(t)-u(t)(1-u(t))u^2(t), \ u'(t)=(u(t)-1)u^2(t).$$ চলুন সিস্টেমের ফেজ প্লেন সীমাবদ্ধ করি ঊর্ধ্ব আধা প্লেনে, যেখানে $u\geq 0$. সিস্টেমের বিভেদ রেখা (separatrix) খুঁজুন।	$d=u-u^2$
একটি ধনাত্মক পূর্ণসংখ্যা \( n \) এর জন্য, \( f(n) \) কে একটি ক্ষুদ্রতম ধনাত্মক পূর্ণসংখ্যা হিসেবে সংজ্ঞায়িত করা হয় যা নিম্নলিখিত গুণাগুণটি পূরণ করে: যেকোনো \( n \) ধনাত্মক পূর্ণসংখ্যা \( x_1, x_2, \dots, x_n \) এর জন্য, ফাংশন \( \nu_2\left( \sum_{i \in I} x_i \right) \), যেখানে \( I \) হল \( \{1, 2, \dots, n\} \) এর সমস্ত অশূন্য উপসেটের উপর থাকে, সর্বাধিক \( f(n) \) ভিন্ন পূর্ণসংখ্যা মান নেয়। নির্ণয় করুন \[\lim_{n \to \infty} \frac{f(n)}{n \log_2 n}.\]	$\frac{1}{2}$
মেবিয়াস ব্যান্ডের আদর্শ ত্রিভুজকরণের কতগুলি উচ্চমাত্রার মূলোৎপাদিত বন $(F,R)$ এমন রয়েছে যেখানে বন $F$ মূল $R$ এর দিকে সরলভাবে পতন হয় না?	2
যেকোনো সংখ্যা $\geq N$ হলে সেটিকে $2n^2+3n+1$ আকারের স্বতন্ত্র সংখ্যার যোগফল হিসেবে লেখা যায় এমন ক্ষুদ্রতম সংখ্যা N নির্ণয় করুন।	494
top-bn-124	আপনাকে এমন একটি বিমান ডানার নকশা তৈরির দায়িত্ব দেওয়া হয়েছে যা বায়ুগতিশীল দক্ষতা এবং জ্বালানি খরচের অপ্টিমাইজেশন করবে। ডানার পৃষ্ঠটি $ \mathbb{R}^3 $ এ সূক্ষ্ম, সঙ্কুচিত পৃষ্ঠ $ S $ দ্বারা মডেল করা হয়েছে, যা পারামিতিক সমীকরণ $ x(u, v) = (u \cos v, u \sin v, \ln(u+1)) $ দ্বারা সংজ্ঞায়িত করা হয়েছে, যেখানে $ u $ এর মান $ [1, 3] $ এবং $ v $ এর মান $ [0, 2\pi) $ এর মধ্যবর্তী। আপনার লক্ষ্য হল ডানার পৃষ্ঠের বাঁকানোর বৈশিষ্ট্যগুলি $ (u, v) = (2, \frac{\pi}{4}) $ বিন্দুতে বিশ্লেষণ করা, যাতে ওই স্থানের বায়ুগতিশীল কার্যকারিতা বৃদ্ধির জন্য পরিবর্তনের প্রয়োজন আছে কিনা সেটি নির্ধারণ করা।  এরপর, $(2, \frac{\pi}{4})$ বিন্দুতে ডানার পৃষ্ঠের গড় বক্রতা $H$ গণনা করুন। আপনার চূড়ান্ত ফলাফলকে তিন দশমিক স্থানে রাউন্ড করুন।	-0.127
