Untuk $\triangle ABC$, $(a+c)(\sin A - \sin C) = b(\sin A - \sin B)$, berapakah nilai $\angle C$ dalam radian?	$\frac{\pi}{3}$
Diberikan fungsi $$f(x) = \ln \frac{x}{2-x} + ax + b(x-1)^2.$$ Jika \(f(x) > -2\) dan ini hanya berlaku ketika \(1 < x < 2\), temukan rentang nilai untuk \(b\).	$b \geq $-\frac{2}{3}$
Diberikan bahwa $\alpha$ adalah sudut lancip dan $\cos \alpha = \frac{1+\sqrt{5}}{4}$. Cari nilai $\sin \frac{\alpha}{2}$.	$\frac{-1+\sqrt{5}}{4}$
Misalkan $S_{n}$ adalah jumlah dari $n$ item pertama dari suatu barisan geometri $\{a_{n}\}$. Jika $S_{4}=-5$ dan $S_{6}=21S_{2}$, temukan $S_{8}$.	-85
Garis $l: x-my+1=0$ berpotongan dengan lingkaran $\odot C: (x-1)^{2}+y^{2}=4$ di titik A dan B. Luas segitiga $\triangle ABC$ adalah $\frac{8}{5}$. Temukan semua nilai $m$ yang mungkin.	${2, -2, \frac{1}{2}, -\frac{1}{2}}$
Jika $\sin(\alpha - \beta)=\frac{1}{3}$ dan $\cos \alpha \sin \beta=\frac{1}{6}$, temukan $\cos (2\alpha + 2\beta).$	$\frac{1}{9}$
Fungsi $f(x)=\cos \omega x -1\;(\omega>0)$ memiliki 3 akar pada interval $[0, 2\pi]$, berapakah kisaran $\omega$?	$[2,3)$
Hyperbola $C$ diberikan oleh $\frac{x^{2}}{a^{2}} - \frac{y^{2}}{b^{2}} = 1\;(a>0,b>0).$ Titik fokus kiri dan kanan berturut-turut adalah $F_{1},F_{2}$. Titik $A$ berada di $C$, dan titik $B$ berada di sumbu $y$. $\overrightarrow{F_{1}A} \perp \overrightarrow{F_{1}B}$ dan $\overrightarrow{F_{2}A} = -\frac{2}{3}\overrightarrow{F_{2}B}$. Berapakah eksentrisitas dari $C$?	$\frac{3\sqrt{5}}{5}$
Diberikan \(a = 0.1e^{0.1}\), \(b = \frac{1}{9}\), \(c = -\ln 0.9\). Bandingkanlah besaran \(a\), \(b\), dan \(c\).	$c < a < b$
Diberikan titik \(A(2,1)\) berada pada hiperbola \(C: \frac{x^2}{a^2} - \frac{y^2}{a^2 - 1} = 1 (a > 1)\), dan garis \(l\) memotong \(C\) di titik \(P\) dan \(Q\), dengan jumlah kemiringan garis \(AP\) dan \(AQ\) adalah 0. Jika \(\tan \angle PAQ = 2\sqrt{2}\), temukan luas \(\triangle PAQ\).	$\frac{16\sqrt{2}}{9}$
Barisan $\{a_{n}\}$ adalah sebuah barisan geometri. $S_n$ adalah jumlah dari $n$ bilangan pertama dari $\{a_{n}\}$ dan $a_{n+1} = 2S_{n}+2$. Berapakah nilai dari $a_{4}$?	54
Fokus kiri dan kanan hiperbola $\frac{x^{2}}{a^{2}} - \frac{y^{2}}{b^{2}} (a>0, b>0)$ adalah $F_{1}, F_{2}$ masing-masing. Sebuah garis tegak lurus ditarik dari $F_{2}$ ke salah satu asimtot dan kaki tegak lurusnya adalah titik P. Jika $PF_{2} = 2$, dan kemiringan $PF_{1}$ adalah $\frac{\sqrt{2}}{4}$, temukan persamaan hiperbola tersebut.	$\frac{x^{2}}{2} - \frac{y^{2}}{4}=1$
Tiga kotak A, B, C berisi sejumlah bola hitam dan putih. Jumlah total bola di masing-masing kotak memiliki rasio 5:4:6. Persentase bola hitam di setiap kotak berturut-turut adalah 40%, 25%, dan 50%. Sebuah bola diambil secara acak dari masing-masing ketiga kotak tersebut， probabilitas untuk mengambil semua bola  hitam semuanya adalah $p_1$;  Jika bola-bola dari ketiga kotak digabungkan menjadi satu kotak dan sebuah bola diambil secara acak,  probabilitas untuk mengambil bola putih adalah $p_2$. Temukan $p_1 + p_2$ (dengan form desimal)	0.65
Dalam $\triangle ABC$，$\angle A = 60^{\degree}$ ，$BC=1$ ，Titik D adalah titik tengah dari AB dan titik E adalah titik tengah dari CD. Misalkan $\overline{AB} = \overrightarrow{a}, \overline{AC} = \overrightarrow{b}$. Jika $\overline{BF} = \frac{1}{3}\overline{BC}$, cari nilai maksimum dari $\overline{AE} \cdot \overline{AF}$.	$\frac{13}{24}$
Jika fungsi $f(x)=ax^{2}-2x-|x^{2}-ax+1|$ hanya memiliki 2 akar real, berapa rentang dari $a$?	$(-\infty, 0)\cup(0,1)\cup(1,+\infty)$
Diberikan bahwa $(1+2023x)^{100}+(2023-x)^{100}=a_{0}+a_{1}x+a_{2}x^{2}+\ldots+a_{100}x^{100}$, dimana $a_{0},a_{1},a_{2},\ldots,a_{100} \in \mathbb{R}$ dan $0 \leq k \leq 100$ dan $k \in \mathbb{N}$, berapakah nilai maksimum dari $k$ sehingga $a_{k} < 0$?	49
Tiga titik A, B, dan C memuaskan $AB=BC=AC=1$. Berapa banyak cara yang ada untuk memilih dua titik lain (dalam urutan apapun) sehingga 5 titik (A, B, C, dan dua titik tambahan) membentuk sudut-sudut dari limas segiempat beraturan?	9
Fungsi $f(x)=\sin(\omega x + \varphi)$ meningkat pada interval $(\frac{\pi}{6}, \frac{2\pi}{3})$. Dan titik-titik pada $x=\frac{\pi}{6}$ dan $x=\frac{2\pi}{3}$ adalah titik puncak dari $y=f(x)$. Berapakah nilai dari $f(-\frac{5\pi}{12})?$	$\frac{\sqrt{3}}{2}$
Jika bilangan real $x,y$ memenuhi $x^{2}+y^{2}-4x-2y-4=0$, berapakah nilai maksimum dari $x-y?$	$1+3\sqrt{2}$
Jika $\theta \in (0, \frac{\pi}{2}), \tan \theta = \frac{1}{2}$, temukan nilai dari $\sin \theta - \cos \theta$.	$-\frac{\sqrt{5}}{5}$
Variabel \( x \) dan \( y \) memenuhi sistem $\begin{cases} x-2y \leq -1 \\ x+2y \leq 9 \\ 3x+y \geq 7 \end{cases}$. Berapakah nilai maksimum dari \( z=2x-y \)?	8
Barisan aritmatika $\{a_{n}\}$ memiliki beda umum $\frac{2\pi}{3}$. Misalkan himpunan $S$ adalah $S=\{\cos a_{n} | n \in \mathbb{N}^{+}\}$. Jika $S=\{a,b\}$, cari nilai $ab$.	$-\frac{1}{2}$
Jari-jari lingkaran $\odot O$ adalah 1. P adalah titik di luar lingkaran. Garis PA menyinggung $\odot O$ di titik $A$. Garis PB memotong $\odot O$ di titik B dan C. D adalah titik tengah BC. Jika $\lvert OP \rvert = \sqrt{2}$, cari nilai maksimum dari $\overrightarrow{PA} \cdot \overrightarrow{PD}$.	$\frac{1+\sqrt{2}}{2}$
Barisan $\{a_{n}\}$ adalah barisan geometri di mana $a_{2}a_{4}a_{5} = a_{3}a_{6}$ dan $a_{9}a_{10}=-8$. Carilah $a_{7}$.	-2
Piramida $P-ABCD$ memiliki alas berupa persegi ABCD dan P adalah titik puncaknya. $AB=4$, $PC=PD=3$, dan $\angle PCA=45^{\degree}$. Temukan luas $\triangle PBC$.	$4\sqrt{2}$
Dua titik fokus dari elips $\frac{x^{2}}{9}+\frac{y^{2}}{6}=1$ adalah $F_{1}$ dan $F_{2}$. O adalah titik asal. Titik P adalah sebuah titik pada elips tersebut sehingga $\cos\angle F_{1}PF_{2}=\frac{3}{5}$. Temukan $|PO|$	$\frac{\sqrt{30}}{2}$
Dalam $\triangle ABC$, $AB=2$, $\angle BAC=60^{\degree}$, dan $BC=\sqrt{6}$. Titik D berada pada BC dan AD membagi dua $\angle BAC$ sama besar. Cari panjang AD.	2
Dalam limas segitiga $P-ABC$, alas $\triangle ABC$ adalah segitiga sama sisi dengan panjang sisi 2. $PA = PB = 2$ dan $PC = \sqrt{6}$. Temukan volume limas tersebut.	1
Grafik dari $y=f(x)$ diperoleh dengan menggeser grafik dari $y=\cos \left(2x+\frac{\pi}{6}\right)$ ke kiri sejauh $\frac{\pi}{6}$ satuan. Berapakah jumlah titik perpotongan antara grafik $y=f(x)$ dengan garis $y=\frac{1}{2}x-\frac{1}{2}$?	3
Variabel x dan y memenuhi sistem $\begin{cases} 3x-2y \leq 3 \\ -2x+3y \leq 3 \\ x+y \geq 1 \end{cases}$. Berapakah nilai maksimum dari $z = 3x + 2y$?	15
Diberikan suatu barisan $\{a_n\} (n \in \mathbb{N}^{*})$ dengan suku pertama $a_1 = 1$ dan jumlah dari $n$ suku pertama adalah $S_n$. Misalkan $\lambda$ dan $k$ adalah konstanta. Jika untuk semua bilangan bulat positif $n$, persamaan berikut berlaku: \[S_{n+1}^{1/k} - S_n^{1/k} = \lambda a_{n+1}^{1/k}\] maka barisan tersebut disebut "barisan $\lambda \sim k$". Untuk suatu nilai $\lambda$ yang diberikan, apakah ada tiga barisan berbeda $\{a_n\}$ yang memenuhi syarat sebagai "barisan $\lambda \sim 3$", dengan $a_n \geq 0$? Jika barisan-barisan tersebut ada, tentukan rentang nilai untuk $\lambda$. Jika tidak ada, jelaskan.	$0 < \lambda < 1$
Sebuah kantong \( A \) berisi 2 bola hitam dan 1 bola putih, sedangkan kantong lain \( B \) berisi 3 bola putih. Pada setiap langkah, satu bola secara acak diambil dari masing-masing kantong dan ditukar dengan kantong lainnya. Proses ini diulangi sebanyak \( n \) kali. Misalkan \( X_n \) menyatakan jumlah bola hitam di kantong \( A \), dan \( p_n \) adalah probabilitas bahwa kantong \( A \) berisi tepat 2 bola hitam, sedangkan \( q_n \) adalah probabilitas bahwa kantong tersebut berisi tepat 1 bola hitam. Tentukan nilai perpikiran \( E(X_n) \) dari \( X_n \) dalam bentuk \( n \).	$1 + \frac{1}{3^n}$
Misalkan fungsi $f(x) = (x-a)(x-b)(x-c)$, di mana $a, b, c \in \mathbb{R}$, dan $f'(x)$ adalah turunan dari $f(x)$. Diketahui bahwa $a = 0, 0 < b \leq 1, c = 1$, dan nilai maksimum lokal dari $f(x)$ adalah $M$. Temukan nilai maksimum dari $M$.	$\frac{4}{27}$
Definisikan barisan geometri dengan suku pertama sama dengan 1 dan rasio umum positif sebagai "barisan-M". Misalkan $m$ adalah bilangan bulat positif. Jika terdapat "barisan-M" $\{c_n\} (n \in \mathbb{N}^{*})$, untuk setiap bilangan bulat positif $k$, ketika $k \leq m$, kondisi $c_k \leq b_k \leq c_{k+1}$ terpenuhi, temukan nilai maksimum $m$.	5
Diberikan fungsi $y = f(x)$, $y = g(x)$, dan $h(x) = kx + b$ $(k, b \in \mathbb{R})$, ketidaksamaan $f(x) \geq h(x) \geq g(x)$ berlaku untuk semua $x$ dalam interval $D$. Diketahui bahwa \[f(x) = x^4 - 2x^2, g(x) = 4x^2 - 8, h(x) = 4(t^3 - t)x - 3t^4 + 2t^2, (0 < |t| \leq \sqrt{2}),\]\[D = [m, n] \subseteq \left[-\sqrt{2}, \sqrt{2}\right],\]. Temukan nilai maksimum $n - m$.	$\sqrt{7}$
Diberikan himpunan $A = \{x \mid x = 2n - 1, n \in \mathbb{N}^{*} \}$ dan $B = \{x \mid x = 2^n, n \in \mathbb{N}^{*} \}$. Susun semua elemen dari $A \cup B$ dalam urutan naik untuk membentuk sebuah barisan $\{a_n\}$. Misalkan $S_n$ adalah jumlah dari $n$ suku pertama barisan $\{a_n\}$. Temukan nilai minimum dari $n$ sehingga $S_n > 12a_{n+1}$ berlaku.	27
Misalkan $\{a_n\}$ adalah barisan aritmetika dengan suku pertama $a_1$ dan beda tetap $d$, dan misalkan $\{b_n\}$ adalah barisan geometrik dengan suku pertama $b_1$ dan rasio $q$. Diketahui bahwa $a_1 = b_1 > 0, m \in \mathbb{N}^{*}, q \in (1, \sqrt{2}]$, jika terdapat $d \in \mathbb{R}$ sehingga $|a_n - b_n| \leq b_1$ berlaku untuk semua $n = 2,3,\cdots,m+1$, tentukan kisaran nilai $d$ (dalam bentuk $b_1, m, q$.)	$\left[ \frac{b_1(q^m - 2)}{m}, \frac{b_1q^m}{m} \right\]$
Misalkan $f(x)$ adalah sebuah fungsi yang didefinisikan pada $\mathbb{R}$ dengan periode $1$. Dalam interval $[0,1)$, fungsi tersebut diberikan sebagai berikut: \[f(x) =\begin{cases} x^2, & x \in D \\ x, & x \notin D\end{cases}\], di mana himpunan $D$ didefinisikan sebagai:\[D = \left\{ x \mid x = \frac{n-1}{n}, n \in \mathbb{N}^{*} \right\},\]. Tentukan jumlah solusi dari persamaan $f(x) - \lg x = 0$.	8
Diberikan fungsi $f(x) = x^3 + ax^2 + bx + 1$ di mana $a > 0$ dan $b \in \mathbb{R}$, diketahui bahwa $f(x)$ memiliki nilai ekstrem, dan titik kritis dari turunannya $f'(x)$ adalah akar-akarnya dari $f(x)$. (Titik kritis mengacu pada nilai dari variabel bebas di mana fungsi mencapai ekstremum.) Jika jumlah dari semua nilai ekstrem $f(x)$ dan $f'(x)$ tidak kurang dari $-\frac{7}{2}$, tentukan jangkauan nilai $a$.	$(3,6]$
Dalam sebuah segitiga lancip $ABC$, jika $\sin A = 2\sin B \sin C$, cari nilai minimum dari $\tan A \tan B \tan C$.	8
Misalkan  $U = \{1,2,\cdots,100\}$. Diberikan sebuah urutan $\{a_n\} \ (n \in \mathbb{N}^{*})$ dan sebuah himpunan bagian $T$ dari $U$, jika $T = \varnothing$, definisikan $S_T = 0$. Jika $T = \{t_1, t_2, \cdots, t_k\}$, definisikan:\[S_T = a_{t_1} + a_{t_2} + \cdots + a_{t_k}.\] Misalnya, ketika $T = \{1,3,66\}$, $S_T = a_1 + a_3 + a_{66}$. Misalkan urutan $\{a_n\} \ (n \in \mathbb{N}^{*})$ adalah urutan geometri dengan rasio umum 3, dan ketika $T = \{2,4\}$, kita punya $S_T = 30$. Diberikan bahwa $C \subseteq U$, $D \subseteq U$, dan $S_C \geq S_D$, carilah nilai minimum dari $(S_C + S_{C \cap D}) / S_D$.	2
Misalkan $m, n \in \mathbb{N}^{*}$ dengan $n \geq m$. Tentukan nilai dari ekspresi berikut: \[ \left( (m+1) C_m^m + (m+2) C_m^{m+1} + (m+3) C_m^{m+2} + \cdots + n C_m^{n-1} + (n+1) C_m^n \right) / \left( 2(m+1) C_{n+2}^{m+2} \right). \]	$\frac{1}{2}$
Misalkan vektor \(\mathbf{a}_k = \left(\cos \frac{k\pi}{6}, \sin \frac{k\pi}{6} + \cos \frac{k\pi}{6}\right)\) di mana \(k = 0, 1, 2, \ldots, 12\). Tentukan nilai dari \(\sum_{k=0}^{12} (\mathbf{a}_k \cdot \mathbf{a}_{k+1})\).	$9\sqrt{3}$
Diberikan bilangan positif \(a, b, c\) yang memenuhi: $$5c - 3a \leq b \leq 4c - a, c \ln b \geq a + c \ln c,$$ tentukan rentang \(rac{b}{a}\).	$[e,7]$
Diberikan bahwa \(a\) dan \(b\) adalah bilangan real, dan 1 dan -1 adalah titik kritis dari fungsi \(f(x) = x^3 + ax^2 + bx\). Misalkan \(h(x) = f(f(x)) - c\), di mana \(c \in (-2, 2)\). Tentukan jumlah akar dari fungsi \(y = h(x)\).	9
Diberikan dua barisan \(\{a_n\}\) dan \(\{b_n\}\) yang seluruhnya terdiri dari bilangan positif yang memenuhi: $$a_{n+1} = \frac{a_n + b_n}{\sqrt{a_n^2 + b_n^2}}, \quad n \in \mathbb{N}^*.$$Misalkan \(b_{n+1} = \sqrt{2} \cdot \frac{b_n}{a_n}, \, n \in \mathbb{N}^*\), dan asumsikan \(\{a_n\}\) adalah barisan geometri. Temukan nilai dari \(a_1 + b_1\).	$2\sqrt{2}$
Dalam sistem koordinat kartesius \(xOy\), pertimbangkan elips $$\frac{x^2}{a^2} + \frac{y^2}{b^2} = 1 \quad (a > b > 0)$$ dengan fokus kiri dan kanan masing-masing di \(F_1(-c, 0)\) dan \(F_2(c, 0)\). Diketahui bahwa titik \((1, e)\) dan \(\left(e, \frac{\sqrt{3}}{2}\right)\) terletak pada elips tersebut, di mana \(e\) adalah eksentrisitas elips. Misalkan \(A\) dan \(B\) adalah dua titik pada elips yang terletak di atas sumbu \(x\), dengan garis \(AF_1\) sejajar dengan garis \(BF_2\), dan \(AF_2\) memotong \(BF_1\) di titik \(P\). Temukan nilai dari \(PF_1 + PF_2\).	$\frac{3\sqrt{2}}{2}$
Diberikan bahwa $1 < a \leq 2$, dan fungsi $f(x)$ didefinisikan sebagai $f(x) = e^{x} - x - a$, di mana $e = 2.71828\cdots$ adalah basis dari logaritma alami. Misalkan $x_0$ adalah nol dari fungsi $y = f(x)$ dalam interval $(0, +\infty)$. Carilah nilai minimum dari $\frac{ x_0 f(e^{x_0}) }{ (a-1)a }$.	$e-1$
Misalkan $a \neq 0$ adalah bilangan real, dan definisikan fungsi $f(x) = a \ln x + \sqrt{x + 1}$, di mana $x > 0$. Untuk setiap $x \in \left[\frac{1}{e^2}, +\infty\right)$, berlaku bahwa $f(x) \leq \frac{\sqrt{x}}{2a}$. Temukan rentang nilai untuk $a$.  \textbf{Catatan:} $e = 2.71828\cdots$ adalah basis dari logaritma natural.	$(0, \frac{\sqrt{2}}{4}]$
Diberikan titik \(P(0,1)\), dan elips $$\frac{x^2}{4} + y^2 = m \, (m > 1)$$ ada dua titik \(A\) dan \(B\) yang terletak pada elips tersebut yang memenuhi \(\overrightarrow{AP} = 2\overrightarrow{PB}\), maka ketika nilai mutlak dari koordinat x dari titik \(B\) dimaksimalkan, temukan nilai \( m \).	5
Biarkan barisan \( \{a_n\} \) memenuhi $$|a_n - \frac{a_{n+1}}{2}| \leq 1, \quad n \in \mathbb{N}^*.$$ Jika \(|a_n| \leq \left(\frac{3}{2}\right)^n, \, n \in \mathbb{N}^*\), temukan nilai maksimum dari \(|a_n|\).	2
Misalkan elips $$\frac{x^2}{a^2} + y^2 = 1, \quad (a > 1).$$ Jika suatu lingkaran dengan pusat di titik \(A(0,1)\) memotong elips tersebut setidaknya 3 kali, temukan rentang nilai untuk eksentrisitas elips tersebut.	$(0, \frac{\sqrt{2}}{2}]$
Temukan antiturunan: $\int x \sin x \cos x \, d x $	$x / 4-\left(x \cos ^{2} x\right) / 2+(\cos x \sin x) / 4 + C$
Temukan antiturunan: $\int \arctan (\sqrt{x}) \, dx$	$(x+1) \arctan (\sqrt{x}) - \sqrt{x} + C$
Temukan representasi deret pangkat untuk $2 /(1-x)^{3}$.	$\sum_{n=0}^{\infty} (n+1)(n+2) x^{n}$
Carilah turunan dari fungsi berikut: $100 /\left(100-x^{2}\right)^{3 / 2} $	$\frac{300 x}{\left(100-x^{2}\right)^{5 / 2}}$
Jika $\left(x_{1}, \ldots, x_{n}\right)$ adalah sampel dari distribusi $\operatorname{Gamma}\left(\alpha_{0}, \theta\right)$, di mana $\alpha_{0}>0$ dan $\theta \in(0, \infty)$ tidak diketahui, maka tentukan nilai MLE dari $\theta$.	$\hat{\theta}=\alpha_{0} / \bar{x}$
Misalkan tinggi badan pria (dalam centimeter) memenuhi distribusi $N\left(174,20^{2}\right)$, sedangkan tinggi badan wanita memenuhi distribusi $N\left(160,15^{2}\right)$. Hitung rata-rata tinggi total dari sepasang suami istri.	334
Temukan invers matriks, jika ada, dari $$ A=\left[\begin{array}{ccc} e^{t} & \cos t & \sin t \\ e^{t} & -\sin t & \cos t \\ e^{t} & -\cos t & -\sin t \end{array}\right] $$	$$\left[\begin{array}{ccc} \frac{1}{2} e^{-t} & 0 & \frac{1}{2} e^{-t} \\ \frac{1}{2} \cos t+\frac{1}{2} \sin t & -\sin t & \frac{1}{2} \sin t-\frac{1}{2} \cos t \\ \frac{1}{2} \sin t-\frac{1}{2} \cos t & \cos t & -\frac{1}{2} \cos t-\frac{1}{2} \sin t \end{array}\right]$$
Misalkan $X$ adalah variabel acak dengan $E(X)=0$ dan $V(X)=1$. Berapakah nilai integer $k$ yang menjamin bahwa $P(|X| \geq k) \leq 0.01$ ?	10
Temukan representasi deret untuk fungsi: $x+\frac{1}{2} \frac{x^{3}}{3}+\frac{1 \cdot 3}{2 \cdot 4} \frac{x^{5}}{5}+\frac{1 \cdot 3 \cdot 5}{2 \cdot 4 \cdot 6} \frac{x^{7}}{7}+\cdots $	$(-1,1)$
Hitung limit: $\lim _{(x, y) \rightarrow(1,-1)} \frac{x^{2}-2xy+y^{2}}{x-y}$	$2$
Evaluasilah integral ganda: $\iint_{R} f(x, y) d A$, di mana $f(x, y)=x^{2}+y$ dan $R$ adalah segitiga dengan titik-titik sudut $(0,0),(2,0)$ dan $(0,1)$.	$\frac{6}{5} $
Temukan himpunan dasar solusi: $(2 x+1) x y^{\prime \prime}-2\left(2 x^{2}-1\right) y^{\prime}-4(x+1) y=0 ; \quad y_{1}=1 / x$	$\left\{1 / x, e^{2 x}\right\}$
Temukan solusi umum: $y^{\prime \prime \prime}+2 y^{\prime \prime}+y^{\prime}=-2 e^{-x}\left(7-18 x+6 x^{2}\right)$	$y=x^{2} e^{-x}(1-x)^{2}+c_{1}+e^{-x}\left(c_{2}+c_{3} x\right)$
Temukan solusi umum: $y^{\prime \prime \prime}-6 y^{\prime \prime}+11 y^{\prime}-6 y=e^{2 x}\left(5-4 x-3 x^{2}\right)$	$y=x e^{2 x}(1+x)^{2}+c_{1} e^{x}+c_{2} e^{2 x}+c_{3} e^{3 x}$
Misalkan $\overline{MN}$ adalah diameter lingkaran dengan diameter $1$. Misalkan $A$ dan $B$ adalah titik-titik pada salah satu busur setengah lingkaran yang ditentukan oleh $\overline{MN}$ ，di mana $A$ adalah titik tengah busur tersebut dan $MB = \dfrac{3}{5}$. Titik $C$ terletak pada busur setengah lingkaran yang lain. Misalkan $d$ adalah panjang ruas garis yang titik-titik ujungnya adalah titik-titik perpotongan diameter $\overline{MN}$ dengan tali-tali busur $\overline{AC}$ dan $\overline{BC}$. Nilai terbesar dari $d$ dapat ditulis dalam bentuk $r - s \sqrt{t}$, di mana $r$, $s$, dan $t$ adalah bilangan bulat positif dan $t$ tidak dapat habis dibagi oleh kuadrat dari bilangan prima mana pun. Temukan $r + s + t$.	14
Dari himpunan bilangan bulat $\{1,2,3,\dots,2009\}$ , pilih $k$ pasangan $\{a_i,b_i\}$ dengan $a_i<b_i$ sehingga tidak ada dua pasang yang memiliki elemen yang sama. Misalkan bahwa semua jumlah $a_i+b_i$ berbeda dan kurang dari atau sama dengan $2009$. Temukan nilai maksimum $k$.	803
Empat mercusuar terletak di titik $A$, $B$, $C$, dan $D$. Jarak antara mercusuar  $A$ dan mercusuar $B$ adalah  $5$ kilometer, mercusuar jarak antara mercusuar $B$ dan  mercusuar  $C$ adalah $12$ kilometer, dan jarak antar mercusuar $A$ dan mercusuar $C$ $13$ kilometer. Bagi seorang pengamat di $A$, sudut yang dibentuk oleh cahaya di $B$ dan $D$ serta sudut yang dibentuk oleh cahaya di $C$ dan $D$ adalah sama. Bagi seorang pengamat di $C$, sudut yang dibentuk oleh cahaya di $A$ dan $B$ serta sudut yang dibentuk oleh cahaya di $D$ dan $B$ adalah sama. Jumlah kilometer dari $A$ ke $D$ dinyatakan oleh $\frac{p\sqrt{r}}{q}$, di mana $p$, $q$, dan $r$ adalah bilangan bulat positif yang saling prima, dan $r$ tidak habis dibagi oleh kuadrat dari bilangan prima manapun. Temukan $p+q+r$.	96
Misalkan $a$ dan $b$ adalah bilangan real positif serta $a \ge b$. Misalkan $ ho$ adalah nilai maksimum dari $\dfrac{a}{b}$ sehingga sistem persamaan \[a^2 + y^2 = b^2 + x^2 = (a-x)^2 + (b-y)^2\] memiliki solusi $(x,y)$ yang memenuhi $0 \le x < a$ dan $0 \le y < b$. Jadi $\rho^2$ dapat dinyatakan sebagai pecahan $\dfrac{m}{n}$, di mana $m$ dan $n$ adalah bilangan bulat positif relatif prima. Temukan $m + n$.	7
Suatu partikel terletak pada bidang koordinat di $(5,0)$ . Definisikan sebuah gerakan untuk partikel tersebut sebagai rotasi berlawanan arah jarum jam sebesar $\pi/4$ radian terhadap titik asal yang diikuti dengan translasi sejauh $10$ unit ke arah positif $x$. Diketahui bahwa posisi partikel setelah $150$ kali bergerak adalah $(p,q)$, temukan bilangan bulat terbesar yang kurang dari atau sama dengan $|p| + |q|$.	19
Urutan $\{a_n\}$ didefinisikan oleh \[a_0 = 1,a_1 = 1, \text{ dan } a_n = a_{n - 1} + \frac {a_{n - 1}^2}{a_{n - 2}} \text{ untuk } n \ge 2.\] Urutan $\{b_n\}$ didefinisikan oleh \[b_0 = 1,b_1 = 3, \text{ dan } b_n = b_{n - 1} + \frac {b_{n - 1}^2}{b_{n - 2}} \text{ untuk } n \ge 2.\] Temukan $\frac {b_{32}}{a_{32}}$.	561
Empat lingkaran $\omega,$ $\omega_{A},$ $\omega_{B},$ dan $\omega_{C}$ dengan jari-jari yang sama digambar di dalam segitiga $ABC$ , sedemikian rupa sehingga $\omega_{A}$ menyinggung sisi $AB$ dan $AC$, $\omega_{B}$ menyinggung $BC$ dan $BA$, $\omega_{C}$ menyinggung $CA$ dan $CB$, dan $\omega$ menyinggung secara eksternal $\omega_{A},$ $\omega_{B},$ dan $\omega_{C}$. Jika sisi-sisi segitiga $ABC$ adalah $13,$ $14,$ dan $15,$ maka jari-jari $\omega$ dapat direpresentasikan dalam bentuk $\frac{m}{n}$, di mana $m$ dan $n$ adalah bilangan bulat positif yang relatif prima. Temukan $m+n$.	389
Misalkan $f(x)$ adalah sebuah polinomial dengan koefisien real sedemikian rupa sehingga $f(0) = 1,$ $f(2)+f(3)=125,$ dan untuk semua $x,$ berlaku $f(x)f(2x^{2})=f(2x^{3}+x).$ Temukan nilai $f(5).$	676
Barisan geometri yang meningkat $x_{0},x_{1},x_{2},\ldots$ terdiri seluruhnya dari pangkat bilangan bulat dari $3.$ Diketahui bahwa $\sum_{n=0}^{7}\log_{3}(x_{n}) = 308$ dan $56 \leq \log_{3}\left ( \sum_{n=0}^{7}x_{n}\right ) \leq 57,$ cari $\log_{3}(x_{14}).$	91
Diberikan sebuah bilangan real $x,$ biarkan $\lfloor x \rfloor$ merepresentasikan bilangan bulat terbesar yang kurang dari atau sama dengan $x.$ Untuk sebuah bilangan bulat $k$ tertentu, terdapat tepat $70$ bilangan bulat positif $n_{1}, n_{2}, \ldots, n_{70}$ sedemikian sehingga $k=\lfloor\sqrt[3]{n_{1}}\rfloor = \lfloor\sqrt[3]{n_{2}}\rfloor = \cdots = \lfloor\sqrt[3]{n_{70}}\rfloor$ dan $k$ membagi $n_{i}$ untuk semua $i$ dimana $1 \leq i \leq 70.$ Temukan nilai maksimum dari $\frac{n_{i}}{k}$ untuk $1\leq i \leq 70.$	553
Diberikan bahwa $x, y,$ dan $z$ adalah bilangan real yang memenuhi: \begin{align*} x &= \sqrt{y^2-\frac{1}{16}}+\sqrt{z^2-\frac{1}{16}}, \\ y &= \sqrt{z^2-\frac{1}{25}}+\sqrt{x^2-\frac{1}{25}}, \\ z &= \sqrt{x^2 - \frac 1{36}}+\sqrt{y^2-\frac 1{36}}, \end{align*} dan bahwa $x+y+z = \frac{m}{\sqrt{n}},$ di mana $m$ dan $n$ adalah bilangan bulat positif dan $n$ tidak habis dibagi oleh kuadrat dari bilangan prima mana pun, temukan $m+n.$	9
Diberikan bahwa suatu barisan memenuhi $x_0=0$ dan $|x_k|=|x_{k-1}+3|$ untuk semua bilangan bulat $k\ge 1,$ carilah nilai minimum yang mungkin dari $|x_1+x_2+\cdots+x_{2006}|.$	27
Diberikan $w_1$ dan $w_2$ sebagai lingkaran $x^2+y^2+10x-24y-87=0$ dan $x^2 +y^2-10x-24y+153=0$, berturut-turut. Misalkan $m$ adalah nilai positif terkecil dari $a$, di mana garis $y=ax$ memuat pusat lingkaran yang bersinggungan eksternal dengan $w_2$ dan bersinggungan internal dengan $w_1$. Diketahui bahwa $m^2=\frac{p}{q}$, dengan $p$ dan $q$ adalah bilangan bulat relatif prima. Cari nilai $p+q$.	169
Di dalam Segitiga $ABC$, $BC=20.$ Lingkaran dalam segitiga memotong median $AD$ menjadi tiga bagian yang sama. Jika luas segitiga adalah $m \sqrt{n}$ di mana $m$ dan $n$ adalah bilangan bulat dan $n$ tidak dapat dibagi oleh kuadrat dari suatu bilangan prima, tentukan $m+n.$	38
Berapa banyak bilangan bulat positif $n$ yang kurang dari atau sama dengan 1000 sehingga $(\sin t + i \cos t)^n = \sin nt + i \cos nt$ benar untuk semua $t$ riil?	250
Sebuah polihedron cembung $P$ memiliki 26 titik sudut, 60 rusuk, dan 36 sisi, di mana 24 sisi adalah segitiga, dan 12 di antaranya adalah segi empat. Sebuah diagonal ruang adalah sebuah segmen garis yang menghubungkan dua titik sudut yang tidak bersebelahan dan tidak berada dalam satu sisi yang sama. Berapa banyak diagonal ruang yang dimiliki $P$?	241
Seekor serangga berangkat dari salah satu titik pada sebuah segitiga sama sisi. Pada setiap langkah, serangga tersebut secara acak memilih salah satu dari dua titik di mana saat ini ia tidak berada, dan merayap sepanjang sisi segitiga menuju titik tersebut. Diketahui bahwa probabilitas serangga bergerak kembali ke titik awal pada langkah kesepuluh adalah $m/n$, dengan $m$ dan $n$ adalah bilangan bulat positif yang relatif prima. Temukan $m + n$.	683
Misalkan desimal dari $\frac{m}{n}$, dengan $m$ dan $n$ adalah bilangan bulat positif saling prima dan $m < n$, mengandung digit 2, 5, dan 1 secara berurutan, dan dalam urutan tersebut. Temukan nilai terkecil dari $n$ yang memungkinkan hal ini.	127
Di antara \(1, 2, 3, 4, \ldots, 1000\), berapa banyak angka yang dapat dinyatakan dalam bentuk \(a^2 - b^2 + 1 \ (a, b \in \mathbb{N})\) dan tidak habis dibagi 3?	501
Diberikan barisan \(a_1, a_2, \ldots, a_{21}\) yang memenuhi \(|a_{n+1} - a_n| = 1 \ (n = 1, 2, \ldots, 20)\), dan \(a_1, a_7, a_{21}\) membentuk barisan geometri. Jika \(a_1 = 1\) dan \(a_{21} = 9\), berapa banyak barisan yang berbeda yang memenuhi kondisi-kondisi tersebut?	15099
Diberikan bahwa bilangan bulat positif \(m\) dan \(n\) adalah bilangan prima, dan \(7m + n\) serta \(mn + 11\) juga merupakan bilangan prima, cari nilai dari \(m^n + n^m\).	17
Apakah luas daerah \(S = \{(x, y) | x, y \in [0, \frac{\pi}{2}], \cos^2 x + \sin x \sin y + \cos^2 y \geq \frac{5}{4}\}\?	$\frac{\pi^2}{6}$
Misalkan \( n \) adalah bilangan bulat positif, dan anggap bahwa \[\sum_{k=0}^n \frac{(-1)^k \binom{n}{k}}{k^3 + 9k^2 + 26k + 24} = \frac{1}{312},\] tentukan nilai dari \( n \).	9
Misalkan bilangan bulat \( n \geq 4 \). Kartu yang diberi nomor \( 1, 2, \cdots, n \) diambil dengan penggantian dengan probabilitas yang sama, dan setiap nomor dicatat. Jika baik \( 1 \) dan \( 2 \) muncul atau \( 3 \) dan \( 4 \) muncul, maka pengambilan kartu berhenti. Temukan nilai perpikiran dari jumlah pengambilan kartu.	$\frac{11n}{12}$
Bilangan real positif \( k_1, k_2, k_3 \) memenuhi \( k_1 < k_2 < k_3 \); bilangan real \( c_1, c_2 \) memenuhi \( c_1 = k_2 - k_1, c_2 - c_1 = 2(k_3 - k_2) \). Definisikan fungsi \[f(x) = \begin{cases} k_1 x, & 0 \leq x \leq 1 \\k_2 x - c_1, & 1 < x \leq 2 \\k_3 x - c_2, & x > 2 \end{cases}\]dan\[g(x) = \begin{cases} k_1 x, & 0 \leq x \leq 1 \\k_2 x - \frac{c_1}{12}, & 1 < x \leq 2 \\k_3 x - \frac{c_2}{12}, & x > 2 \end{cases}\] Pertanyaannya, dalam kondisi apa pada \( k_1, k_2, k_3 \) ada \( A > 0 \) sehingga fungsi \( g(x) + f(A-x) \) yang terdefinisi pada \([0, A]\) mencapai nilai minimumnya tepat pada dua titik?	$k_3 = \frac{23}{12}k_2 - \frac{11}{12}k_1$
Misalkan \(n\) adalah bilangan bulat positif tertentu. Urutan \(a_1, a_2, \cdots, a_n\) adalah deret bilangan real yang memenuhi \(\left| \sum_{k=1}^{m} \frac{a_k}{k} \right| \leq 1\) untuk setiap \(m \leq n\). Temukan nilai maksimum dari \(\left| \sum_{k=1}^{n} a_k \right|\).	$2n-1$
Misalkan himpunan \(P = \{a_1, a_2, \cdots, a_m\}\)， rata-ratanya \(C_P = \frac{a_1 + a_2 + \cdots + a_m}{m}\). Sekarang, bagi \(S = \{1, 2, \cdots, n\}\) menjadi dua himpunan bagian yang tidak kosong dan saling lepas \(A\) dan \(B\). Carilah nilai maksimum dari \(|C_A - C_B|\), dan diskusikan jumlah pasangan terurut \((A, B)\) yang berbeda ketika nilai maksimum tersebut tercapai.	$\frac{n}{2}; 2n-2$
Misalkan \(A, B, C\) adalah tiga sudut dalam \(\triangle ABC\). Temukan jangkauan dari \(3 \cos A + 2 \cos 2B + \cos 3C\).	$(-\frac{25}{16}, 6)$
Diberikan bilangan bulat positif \(n (n \geq 2)\). Ada \(2n\) bilangan real positif \(a_1, a_2, \cdots, a_{2n}\) yang memenuhi: \[\sum_{k=1}^n a_{2k-1} \cdot \sum_{k=1}^n a_{2k} = \prod_{k=1}^n a_{2k-1} + \prod_{k=1}^n a_{2k}.\] Temukan nilai minimum dari \(S = \sum_{k=1}^{2n} \frac{a_k^{n-1}}{a_{k+1}}\), di mana \(a_{2n+1} = a_1\).	$n^3$
Diberikan bilangan bulat positif \(a, b\) (\(a \leq b\)). Barisan \(\{f_n\}\) memenuhi: \[ f_1 = a, \quad f_2 = b, \quad f_{n+2} = f_{n+1} + f_n \quad (n = 1, 2, \cdots).\]Jika untuk setiap bilangan bulat positif \(n\), berlaku bahwa \(\left( \sum_{k=1}^{n} f_k \right)^2 \leq A \cdot f_n f_{n+1}\), temukan nilai minimum dari bilangan real \(A\).	$2 + \sqrt{5}$
Misalkan \( X_{1}, X_{2} \) adalah sampel acak sederhana dari distribusi \( N\left(\mu, \sigma^{2}\right) \), di mana \( \sigma \) (\( \sigma > 0 \)) adalah parameter yang tidak diketahui. Jika \( \hat{\sigma} = a\left|X_{1} - X_{2}\right| \) adalah estimator tak bias dari \( \sigma \), tentukan nilai a.	$\frac{\sqrt{\pi}}{2}$
Misalkan \( f \) adalah fungsi kontinu yang didefinisikan pada \([a, b]\). Tentukan konstanta \( c \) sehingga limit berikut berlaku, dan buktikan: \[\lim_{n \to \infty} \int_a^b f(x) |\sin nx| \, dx = c \int_a^b f(x) \, dx.\]	$\frac{2(b-a)}{\pi}$
Misalkan $V$ adalah himpunan semua fungsi kontinu $f\colon [0,1]\to \mathbb{R}$, yang dapat didiferensialkan pada $(0,1)$, dengan sifat bahwa $f(0)=0$ dan $f(1)=1$. Tentukan semua $\alpha \in \mathbb{R}$ sedemikian rupa sehingga untuk setiap $f\in V$, terdapat beberapa $\xi \in (0,1)$ sehingga \[f(\xi)+\alpha = f'(\xi)\]	$\frac{1}{e-1}$
Diberikan \( s \geq 0 \), \[\varphi(s) = \int_{0}^{+\infty} \frac{\ln(1 + sx^2)}{x(1 + x^2)} \, dx.\] Temukan nilai \(\varphi(1) + \varphi(2)\).	$\frac{5\pi^2}{24}$
Biarkan \[A = \begin{pmatrix} a_{11} & a_{12} & a_{13} \\a_{21} & a_{22} & a_{23} \\ a_{31} & a_{32} & a_{33} \end{pmatrix}\] adalah matriks \(3 \times 3\) yang tidak dapat dibalikkan (non-invertible) di atas bilangan real \(\mathbb{R}\). Jika matriks adjugate \( A^* \) dari \( A \) diberikan oleh\[A^* = \begin{pmatrix} a_{11}^2 & a_{12}^2 & a_{13}^2 \\ a_{21}^2 & a_{22}^2 & a_{23}^2 \\ a_{31}^2 & a_{32}^2 & a_{33}^2 \end{pmatrix},\]temukan \( |A| \).	0
Misalkan $I_n = n \int_1^a \frac{dx}{1+x^n}$, di mana $a > 1$. Temukan limit $\lim_{n \to \infty} I_n$.	$\ln2$
Misalkan \( z = f(x, y) \) adalah fungsi terdiferensialkan di region\[ D = \{(x, y) | 0 \leq x \leq 1, 0 \leq y \leq 1 \} \]dengan \( f(0, 0) = 0 \), dan \( \left. \mathrm{d}z \right|_{(0,0)} = 3 \mathrm{d}x + 2 \mathrm{d}y \). Cari limit\[\lim_{x \to 0^+} \frac{\int_0^{x^2} \mathrm{d}t \int_x^{\sqrt{t}} f(t, u) \mathrm{d}u}{1 - \sqrt[4]{1-x^4}}.\]	-2
Misalkan fungsi \( f(x) \) dapat diturunkan dua kali di interval \((-1, 1)\), dengan \( f(0) = 1 \). Selain itu, untuk \( x \geq 0 \), diberikan bahwa \( f(x) \geq 0 \), \( f'(x) \leq 0 \), dan \( f''(x) \leq f(x) \). Tentukan nilai minimum dari \( f'(0) \).	$-\sqrt{2}$
Hitung $\lim_{x \to +\infty} \sqrt{x^2 + x + 1} \frac{x - \ln(e^x + x)}{x}$.	0
Misalkan $z=z(x,y)$ adalah fungsi implisit dengan dua variabel dari $2\sin(x+2y-3z)=x+2y-3z$. Temukan $\frac{\partial z}{\partial x}+\frac{\partial z}{\partial y}$.	1
Misalkan $f(x)$ adalah fungsi kontinu, dengan $f(0)\neq0$. Temukan $\lim_{x \to 0} \frac{2\int_{0}^{x}(x-t)f(t)dt}{x\int_{0}^{x}f(x-t)dt}$.	1
Misalkan $D=\{ (x,y)|x^2+y^2\le \pi \}$. Temukan $\iint\limits_D (\sin x^2 \cos x^2 + x \sqrt{x^2+y^2} )dxdy$.	$\pi$
Misalkan $x_1=2021$, $x_n^2-2(x_n+1)x_{n+1}+2021=0$ ($n\geq1$). Buktikan bahwa barisan $x_n$ konvergen. Temukan limit $\lim_{n \to \infty} x_n$.	$\sqrt{2022} - 1$
Perpikirkan sebuah fungsi homogen dengan derajat $4$. $f(x,y,z)=a_1x^4+a_2y^4+a_3z^4+3a_4x^2y^2+3a_5y^2z^2+3a_6x^2z^2$. Temukan $\oiint_{\sum} f(x,y,z)dS$, di mana $\sum: x^2+y^2+z^2=1$.	$\frac{4\pi}{5} \sum_{i=1}^{6}a_i$
Misalkan ${a_n}$ dan ${b_n}$ adalah deret bilangan riil positif yang memenuhi kondisi berikut: (i) $a_1=b_1=1$ (ii) $b_n=a_n b_{n-1}-2$ (iii) $n$ adalah bilangan bulat lebih besar dari $1$. Misalkan ${b_n}$ adalah deret yang terbatas. Buktikan bahwa $\sum_{n=1}^{\infty} \frac{1}{a_1a_2\cdots a_n}$ konvergen. Temukan nilai dari jumlah tersebut.	$\frac{3}{2}$
Temukan $I=\int_{0}^{\frac{\pi}{2}}\frac{cos x}{1+tan x}dx$.	$\frac{1}{2\sqrt{2} \ln\frac{\sqrt{2}+2}{2-\sqrt{2}}$
Tentukan $\sum_{n=1}^{+\infty} \arctan \frac{2}{4n^2+4n+1}.$	$\arctan{\frac{1}{2}}$
Misalkan $f(x,y)$ adalah suatu fungsi yang memiliki turunan parsial orde kedua yang kontinu di region tertutup $D=\{(x,y)|x^2+y^2\leq1\}$, serta memenuhi $\frac{\partial^2 f }{\partial x^2}+\frac{\partial^2 f }{\partial y^2}=x^2+y^2$. Temukan $\lim_{r \to 0^+} \frac{\int\int_{x^2+y^2\leq r^2}^{}(x\frac{\partial f}{\partial x}+y\frac{\partial f}{\partial y})dxdy}{(\tan r - \sin r)^2}$.	$\frac{\pi}{3}$
Diberikan bahwa setiap permukaan tertutup halus orientable $S$ di setengah ruang di $R^3$ $\{ (x,y,z)\in R^3 |x>0\}$ terdapat $\int\int_{S}^{}xf'(x)dydz+y(xf(x)-f'(x))dzdx-xz(sin x+f'(x))dxdy=0$, di mana $f$ dua kali terdiferensiasi secara kontinu pada interval $(0,+\infty)$ dan $\lim_{x \to 0^+} f(x)=\lim_{x \to 0^+} f'(x)=0$. Temukan $f(x)$.	$e^{\frac{1}{2}x} \left( -\cos\frac{\sqrt{3}}{2}x + \frac{1}{\sqrt{3}}\sin\frac{\sqrt{3}}{2}x \right) + \cosx$
Misalkan $m\ge 5$ adalah bilangan bulat ganjil, dan misalkan $D(m)$ menyatakan jumlah quadruple $(a_1, a_2, a_3, a_4)$ dari bilangan bulat yang berbeda dengan $1\le a_i \le m$ untuk semua $i$ sehingga $m$ membagi $a_1+a_2+a_3+a_4$. Terdapat sebuah polinom $$q(x) = c_3x^3+c_2x^2+c_1x+c_0$$ sehingga $D(m) = q(m)$ untuk semua bilangan bulat ganjil $m\ge 5$. Berapakah nilai $c_1$?	11
Misalkan $a, b,$ dan $c$ adalah bilangan bulat positif sehingga $a+b+c=23$ dan\[\gcd(a,b)+\gcd(b,c)+\gcd(c,a)=9.\]Berapa jumlah semua nilai berbeda yang mungkin dari $a^{2}+b^{2}+c^{2}$?	438
Untuk setiap bilangan real $a$ dengan $0 \leq a \leq 1$, misalkan bilangan $x$ dan $y$ dipilih secara acak dan independen dari interval $[0, a]$ dan $[0, 1]$, masing-masing, dan misalkan $P(a)$ adalah probabilitas bahwa $$\sin^2{(\pi x)} + \sin^2{(\pi y)} > 1.$$ Berapakah nilai maksimum dari $P(a)?$	$2-\sqrt{2}$
Bilangan $a = \frac{p}{q}$, di mana $p$ dan $q$ adalah bilangan bulat positif yang relatif prima, memiliki sifat bahwa jumlah dari semua bilangan real $x$ yang memenuhi$$\lfloor x \rfloor \cdot \{x\} = a \cdot x^2$$adalah $420$, di mana $\lfloor x \rfloor$ menyatakan bilangan bulat terbesar yang lebih kecil atau sama dengan $x$ dan $\{x\} = x - \lfloor x \rfloor$ menyatakan bagian pecahan dari $x$. Berapakah $p + q?$	929
Misalkan $(a_n)$ dan $(b_n)$ adalah barisan bilangan real sehingga \[(2 + i)^n = a_n + b_ni\] untuk semua bilangan bulat $n \geq 0$, di mana $i = \sqrt{-1}$. Berapakah \[\sum_{n=0}^\infty\frac{a_nb_n}{7^n}\,?\]	$\frac{7}{16}$
Terdapat bilangan bulat $a$, $b$, dan $c$, masing-masing lebih besar dari 1, sehingga$$\sqrt[a]{N \sqrt[b]{N \sqrt[c]{N}}} = \sqrt[36]{N^{25}}$$untuk semua $N > 1$. Berapakah nilai $b$?	3
Misalkan $\triangle A_0B_0C_0$ adalah sebuah segitiga yang sudut-sudutnya masing-masing berukuran $59.999^\circ$, $60^\circ$, dan $60.001^\circ$. Untuk setiap bilangan bulat positif $n$, definisikan $A_n$ sebagai kaki tinggi dari $A_{n-1}$ ke garis $B_{n-1}C_{n-1}$. Begitu juga, definisikan $B_n$ sebagai kaki tinggi dari $B_{n-1}$ ke garis $A_{n-1}C_{n-1}$, dan $C_n$ sebagai kaki tinggi dari $C_{n-1}$ ke garis $A_{n-1}B_{n-1}$. Berapakah bilangan bulat positif terkecil $n$ sehingga $\triangle A_nB_nC_n$ menjadi tumpul?	15
Misalkan $ABCD$ adalah segi empat cembung dengan $BC=2$ dan $CD=6.$ Anggaplah bahwa titik berat dari $\triangle ABC,\triangle BCD,$ dan $\triangle ACD$ membentuk titik sudut segitiga sama sisi. Berapakah nilai maksimum yang mungkin dari luas $ABCD$?	$12+10\sqrt{3}$
Diberikan $s_k$ merepresentasikan jumlah dari pangkat $k$ dari akar-akar polinomial $x^3-5x^2+8x-13$. Secara khusus, $s_0=3$, $s_1=5$, dan $s_2=9$. Misalkan $a$, $b$, dan $c$ adalah bilangan real sedemikian rupa sehingga $s_{k+1} = a \, s_k + b \, s_{k-1} + c \, s_{k-2}$ untuk $k = 2$, $3$, $....$ Berapakah nilai $a+b+c$?	10
medium-id-124	Untuk bilangan bulat positif $n$ dan angka selain nol $a$, $b$, dan $c$, misalkan $A_n$ adalah bilangan bulat $n$-digit di mana setiap digitnya sama dengan $a$; misalkan $B_n$ adalah bilangan bulat $n$-digit di mana setiap digitnya sama dengan $b$, dan misalkan $C_n$ adalah bilangan bulat $2n$-digit (bukan $n$-digit) di mana setiap digitnya sama dengan $c$. Berapakah nilai maksimum yang mungkin dari $a + b + c$ di mana ada setidaknya dua nilai $n$ sehingga $C_n - B_n = A_n^2$?	18
